Player	選手	Side	Team	Date	Game	Pitch	Pitches	Velocity	Location	ResultType	Result
Sato, Teruaki	佐藤 輝明	left	HAN	2022-04-24	71800	straight	1	143	3,3	hit	home-run
Sato, Teruaki	佐藤 輝明	left	HAN	2022-04-24	71800	straight	6	143	2,4	strikeout	called
Sato, Teruaki	佐藤 輝明	left	HAN	2022-04-24	71800	shoot	2	NA	4,4	hit	single
Sato, Teruaki	佐藤 輝明	left	HAN	2022-04-24	71800	split-finger	7	138	4,5	strikeout	swinging
Sato, Teruaki	佐藤 輝明	left	HAN	2022-04-24	71800	straight	6	144	4,3	strikeout	swinging
Sato, Teruaki	佐藤 輝明	left	HAN	2022-04-27	71807	fork	5	139	4,3	out	throw-out
Sato, Teruaki	佐藤 輝明	left	HAN	2022-04-27	71807	straight	4	147	2,3	out	fly-ball
Sato, Teruaki	佐藤 輝明	left	HAN	2022-04-27	71807	straight	6	144	4,3	strikeout	called
Sato, Teruaki	佐藤 輝明	left	HAN	2022-04-27	71807	straight	4	152	4,4	out	throw-out
Sato, Teruaki	佐藤 輝明	left	HAN	2022-04-28	71810	cutter	2	137	2,2	out	fly-ball
Sato, Teruaki	佐藤 輝明	left	HAN	2022-04-28	71810	cutter	1	134	3,4	hit	single
Sato, Teruaki	佐藤 輝明	left	HAN	2022-04-28	71810	straight	6	NA	4,4	strikeout	called
Sato, Teruaki	佐藤 輝明	left	HAN	2022-04-28	71810	straight	2	144	4,4	out	fly-ball-line-drive
Sato, Teruaki	佐藤 輝明	left	HAN	2022-04-29	71812	cutter	7	133	1,4	out	fly-ball
Sato, Teruaki	佐藤 輝明	left	HAN	2022-04-29	71812	straight	2	143	2,2	hit	home-run
Sato, Teruaki	佐藤 輝明	left	HAN	2022-04-29	71812	slider	6	133	4,4	out	throw-out
Sato, Teruaki	佐藤 輝明	left	HAN	2022-04-29	71812	fork	6	139	2,5	strikeout	swinging
Sato, Teruaki	佐藤 輝明	left	HAN	2022-04-30	71815	split-finger	4	134	2,5	strikeout	swinging
Sato, Teruaki	佐藤 輝明	left	HAN	2022-04-30	71815	straight	1	145	3,1	strikeout	swinging
Sato, Teruaki	佐藤 輝明	left	HAN	2022-04-30	71815	split-finger	3	133	4,5	hit	single
Sato, Teruaki	佐藤 輝明	left	HAN	2022-04-30	71815	shoot	6	143	1,1	walk	unintentional
Sato, Teruaki	佐藤 輝明	left	HAN	2022-04-30	71815	straight	5	143	4,5	walk	unintentional
Sato, Teruaki	佐藤 輝明	left	HAN	2022-04-01	71744	straight	2	146	2,3	out	fly-ball
Sato, Teruaki	佐藤 輝明	left	HAN	2022-04-01	71744	fork	3	134	1,5	strikeout	swinging
Sato, Teruaki	佐藤 輝明	left	HAN	2022-04-01	71744	straight	6	149	4,1	strikeout	swinging
Sato, Teruaki	佐藤 輝明	left	HAN	2022-04-01	71744	fork	1	138	3,4	out	throw-out
Sato, Teruaki	佐藤 輝明	left	HAN	2022-04-02	71747	slider	7	127	1,5	walk	unintentional
Sato, Teruaki	佐藤 輝明	left	HAN	2022-04-02	71747	fork	3	136	4,2	hit	single
Sato, Teruaki	佐藤 輝明	left	HAN	2022-04-02	71747	slider	4	128	2,5	out	fly-ball
Sato, Teruaki	佐藤 輝明	left	HAN	2022-04-02	71747	cutter	1	137	2,4	hit	double
Sato, Teruaki	佐藤 輝明	left	HAN	2022-04-02	71747	straight	2	153	1,1	out	fly-ball-line-drive
Sato, Teruaki	佐藤 輝明	left	HAN	2022-04-03	71750	straight	5	147	2,3	strikeout	swinging
Sato, Teruaki	佐藤 輝明	left	HAN	2022-04-03	71750	fork	4	136	4,5	out	fly-ball
Sato, Teruaki	佐藤 輝明	left	HAN	2022-04-03	71750	straight	2	145	3,2	out	throw-out
Sato, Teruaki	佐藤 輝明	left	HAN	2022-04-03	71750	straight	3	153	2,2	sacrifice	sacrifice-fly
Sato, Teruaki	佐藤 輝明	left	HAN	2022-04-05	71754	straight	1	148	2,2	hit	home-run
Sato, Teruaki	佐藤 輝明	left	HAN	2022-04-05	71754	cutter	4	140	4,2	strikeout	swinging
Sato, Teruaki	佐藤 輝明	left	HAN	2022-04-05	71754	cutter	1	138	4,4	out	fly-ball
Sato, Teruaki	佐藤 輝明	left	HAN	2022-04-05	71754	fork	4	138	3,2	hit	single
Sato, Teruaki	佐藤 輝明	left	HAN	2022-04-06	71757	straight	4	144	3,2	out	fly-ball
Sato, Teruaki	佐藤 輝明	left	HAN	2022-04-06	71757	straight	5	142	2,2	out	fly-ball
Sato, Teruaki	佐藤 輝明	left	HAN	2022-04-06	71757	slider	1	131	4,3	out	throw-out
Sato, Teruaki	佐藤 輝明	left	HAN	2022-04-06	71757	straight	2	153	2,2	out	fly-ball
Sato, Teruaki	佐藤 輝明	left	HAN	2022-04-06	71757	straight	2	140	2,2	out	fly-ball
Sato, Teruaki	佐藤 輝明	left	HAN	2022-04-08	71764	straight	2	144	4,4	hit	single
Sato, Teruaki	佐藤 輝明	left	HAN	2022-04-08	71764	fork	5	138	4,5	out	throw-out
Sato, Teruaki	佐藤 輝明	left	HAN	2022-04-08	71764	fork	5	138	4,4	error	fielder
Sato, Teruaki	佐藤 輝明	left	HAN	2022-04-08	71764	straight	2	148	2,1	out	fly-ball
Sato, Teruaki	佐藤 輝明	left	HAN	2022-04-08	71764	straight	5	151	3,1	strikeout	swinging
Sato, Teruaki	佐藤 輝明	left	HAN	2022-04-09	71767	straight	6	151	3,1	out	fly-ball
Sato, Teruaki	佐藤 輝明	left	HAN	2022-04-09	71767	straight	5	153	4,3	hit	home-run
Sato, Teruaki	佐藤 輝明	left	HAN	2022-04-09	71767	straight	2	148	2,3	out	throw-out
Sato, Teruaki	佐藤 輝明	left	HAN	2022-04-09	71767	curve	2	110	3,3	hit	single
Sato, Teruaki	佐藤 輝明	left	HAN	2022-04-10	71770	straight	4	143	2,2	strikeout	called
Sato, Teruaki	佐藤 輝明	left	HAN	2022-04-10	71770	change-up	5	130	3,2	strikeout	swinging
Sato, Teruaki	佐藤 輝明	left	HAN	2022-04-10	71770	straight	5	141	3,2	hit	double
Sato, Teruaki	佐藤 輝明	left	HAN	2022-04-10	71770	fork	4	141	3,5	strikeout	swinging
Sato, Teruaki	佐藤 輝明	left	HAN	2022-04-12	71773	cutter	4	136	4,4	strikeout	swinging
Sato, Teruaki	佐藤 輝明	left	HAN	2022-04-12	71773	cutter	7	138	4,2	hit	single
Sato, Teruaki	佐藤 輝明	left	HAN	2022-04-12	71773	slider	1	124	2,2	hit	home-run
Sato, Teruaki	佐藤 輝明	left	HAN	2022-04-12	71773	shoot	4	142	3,5	strikeout	swinging
Sato, Teruaki	佐藤 輝明	left	HAN	2022-04-13	71776	slider	2	137	2,2	strikeout	swinging
Sato, Teruaki	佐藤 輝明	left	HAN	2022-04-13	71776	slider	3	135	3,5	out	fly-ball
Sato, Teruaki	佐藤 輝明	left	HAN	2022-04-13	71776	fork	3	139	3,4	out	fly-ball
Sato, Teruaki	佐藤 輝明	left	HAN	2022-04-13	71776	split-finger	4	140	4,3	out	throw-out
Sato, Teruaki	佐藤 輝明	left	HAN	2022-04-14	71777	slider	4	123	3,3	out	throw-out
Sato, Teruaki	佐藤 輝明	left	HAN	2022-04-14	71777	slider	2	122	4,3	out	other-out
Sato, Teruaki	佐藤 輝明	left	HAN	2022-04-14	71777	change-up	3	128	4,3	out	throw-out
Sato, Teruaki	佐藤 輝明	left	HAN	2022-04-14	71777	cutter	4	135	3,2	hit	single
Sato, Teruaki	佐藤 輝明	left	HAN	2022-04-15	71779	slider	5	131	2,3	out	fly-ball
Sato, Teruaki	佐藤 輝明	left	HAN	2022-04-15	71779	slider	7	NA	4,4	out	fly-ball
Sato, Teruaki	佐藤 輝明	left	HAN	2022-04-15	71779	straight	3	NA	3,1	hit	home-run
Sato, Teruaki	佐藤 輝明	left	HAN	2022-04-15	71779	slider	8	129	5,4	strikeout	swinging
Sato, Teruaki	佐藤 輝明	left	HAN	2022-04-16	71781	straight	6	146	2,5	walk	unintentional
Sato, Teruaki	佐藤 輝明	left	HAN	2022-04-16	71781	nuckle-curve	3	121	3,3	out	fly-ball
Sato, Teruaki	佐藤 輝明	left	HAN	2022-04-16	71781	split-finger	5	132	5,5	strikeout	swinging
Sato, Teruaki	佐藤 輝明	left	HAN	2022-04-16	71781	cutter	1	132	3,3	out	fly-ball
Sato, Teruaki	佐藤 輝明	left	HAN	2022-04-17	71784	straight	3	148	4,4	strikeout	swinging
Sato, Teruaki	佐藤 輝明	left	HAN	2022-04-17	71784	two-seam	2	141	3,5	hit	double
Sato, Teruaki	佐藤 輝明	left	HAN	2022-04-17	71784	straight	2	145	3,4	out	fly-ball
Sato, Teruaki	佐藤 輝明	left	HAN	2022-04-17	71784	cutter	5	128	3,1	walk	unintentional
Sato, Teruaki	佐藤 輝明	left	HAN	2022-04-19	71787	two-seam	3	152	3,4	hit	double
Sato, Teruaki	佐藤 輝明	left	HAN	2022-04-19	71787	slider	3	140	2,4	hit	home-run
Sato, Teruaki	佐藤 輝明	left	HAN	2022-04-19	71787	slider	4	127	4,4	hit	single
Sato, Teruaki	佐藤 輝明	left	HAN	2022-04-19	71787	slider	5	135	4,1	walk	unintentional
Sato, Teruaki	佐藤 輝明	left	HAN	2022-04-20	71790	straight	6	147	4,4	strikeout	called
Sato, Teruaki	佐藤 輝明	left	HAN	2022-04-20	71790	change-up	6	133	5,5	out	fly-ball
Sato, Teruaki	佐藤 輝明	left	HAN	2022-04-20	71790	straight	1	139	3,2	hit	single
Sato, Teruaki	佐藤 輝明	left	HAN	2022-04-20	71790	NA	0	NA	NA	walk	intentional
Sato, Teruaki	佐藤 輝明	left	HAN	2022-04-21	71793	straight	4	144	2,2	strikeout	swinging
Sato, Teruaki	佐藤 輝明	left	HAN	2022-04-21	71793	straight	1	143	4,2	out	fly-ball
Sato, Teruaki	佐藤 輝明	left	HAN	2022-04-21	71793	slider	4	119	5,4	strikeout	swinging
Sato, Teruaki	佐藤 輝明	left	HAN	2022-04-22	71794	slider	3	NA	2,4	hit	double
Sato, Teruaki	佐藤 輝明	left	HAN	2022-04-22	71794	straight	6	144	3,2	out	fly-ball
Sato, Teruaki	佐藤 輝明	left	HAN	2022-04-22	71794	straight	4	143	1,2	walk	unintentional
Sato, Teruaki	佐藤 輝明	left	HAN	2022-04-22	71794	slider	3	132	3,4	hit	double
Sato, Teruaki	佐藤 輝明	left	HAN	2022-04-22	71794	straight	5	141	3,4	out	throw-out
Sato, Teruaki	佐藤 輝明	left	HAN	2022-04-23	71797	straight	5	NA	3,4	hit	single
Sato, Teruaki	佐藤 輝明	left	HAN	2022-04-23	71797	shoot	5	NA	2,4	out	fly-ball
Sato, Teruaki	佐藤 輝明	left	HAN	2022-04-23	71797	straight	5	137	4,2	strikeout	called
Sato, Teruaki	佐藤 輝明	left	HAN	2022-04-23	71797	cutter	5	143	2,1	strikeout	swinging
Sato, Teruaki	佐藤 輝明	left	HAN	2022-05-01	71818	slider	8	126	4,3	out	fly-ball
Sato, Teruaki	佐藤 輝明	left	HAN	2022-05-01	71818	straight	6	146	3,5	strikeout	swinging
Sato, Teruaki	佐藤 輝明	left	HAN	2022-05-01	71818	slider	1	125	4,3	hit	double
Sato, Teruaki	佐藤 輝明	left	HAN	2022-05-01	71818	slider	6	133	4,4	strikeout	swinging
Sato, Teruaki	佐藤 輝明	left	HAN	2022-05-01	71818	straight	2	135	1,5	hit-by-pitch	NA
Sato, Teruaki	佐藤 輝明	left	HAN	2022-05-03	71822	change-up	3	124	4,4	out	other-out
Sato, Teruaki	佐藤 輝明	left	HAN	2022-05-03	71822	cutter	7	142	4,3	strikeout	swinging
Sato, Teruaki	佐藤 輝明	left	HAN	2022-05-03	71822	straight	6	146	2,3	out	fly-ball
Sato, Teruaki	佐藤 輝明	left	HAN	2022-05-03	71822	change-up	1	119	4,4	out	fly-ball
Sato, Teruaki	佐藤 輝明	left	HAN	2022-05-04	71825	sinker	2	119	2,3	out	throw-out
Sato, Teruaki	佐藤 輝明	left	HAN	2022-05-04	71825	straight	6	133	2,4	out	fly-ball
Sato, Teruaki	佐藤 輝明	left	HAN	2022-05-04	71825	change-up	4	136	4,4	out	fly-ball
Sato, Teruaki	佐藤 輝明	left	HAN	2022-05-04	71825	shoot	2	143	2,2	out	fly-ball-line-drive
Sato, Teruaki	佐藤 輝明	left	HAN	2022-05-05	71828	curve	1	113	4,4	out	fly-ball
Sato, Teruaki	佐藤 輝明	left	HAN	2022-05-05	71828	straight	6	145	2,2	hit	single
Sato, Teruaki	佐藤 輝明	left	HAN	2022-05-05	71828	straight	3	150	2,3	out	throw-out
Sato, Teruaki	佐藤 輝明	left	HAN	2022-05-05	71828	fork	2	130	4,3	hit	single
Sato, Teruaki	佐藤 輝明	left	HAN	2022-05-05	71828	NA	0	NA	NA	walk	intentional
Sato, Teruaki	佐藤 輝明	left	HAN	2022-05-06	71831	straight	2	147	4,2	out	throw-out
Sato, Teruaki	佐藤 輝明	left	HAN	2022-05-06	71831	cutter	6	137	3,2	out	throw-out
Sato, Teruaki	佐藤 輝明	left	HAN	2022-05-06	71831	straight	3	146	3,2	out	throw-out
Sato, Teruaki	佐藤 輝明	left	HAN	2022-05-06	71831	straight	2	145	3,1	hit	double
Sato, Teruaki	佐藤 輝明	left	HAN	2022-05-07	71834	straight	4	136	4,2	hit	triple
Sato, Teruaki	佐藤 輝明	left	HAN	2022-05-07	71834	straight	6	138	2,1	walk	unintentional
Sato, Teruaki	佐藤 輝明	left	HAN	2022-05-07	71834	curve	1	NA	2,2	out	throw-out
Sato, Teruaki	佐藤 輝明	left	HAN	2022-05-07	71834	straight	6	156	3,2	strikeout	swinging
Sato, Teruaki	佐藤 輝明	left	HAN	2022-05-08	71837	change-up	8	131	4,2	hit	single
Sato, Teruaki	佐藤 輝明	left	HAN	2022-05-08	71837	straight	6	142	3,3	strikeout	swinging
Sato, Teruaki	佐藤 輝明	left	HAN	2022-05-08	71837	change-up	6	128	4,4	out	fly-ball
Sato, Teruaki	佐藤 輝明	left	HAN	2022-05-08	71837	straight	1	152	2,1	hit	single
Sato, Teruaki	佐藤 輝明	left	HAN	2022-05-10	71841	straight	3	145	2,3	out	throw-out
Sato, Teruaki	佐藤 輝明	left	HAN	2022-05-10	71841	straight	3	146	2,1	strikeout	swinging
Sato, Teruaki	佐藤 輝明	left	HAN	2022-05-10	71841	slider	3	131	4,4	out	fly-ball
Sato, Teruaki	佐藤 輝明	left	HAN	2022-05-10	71841	two-seam	3	139	2,3	out	fly-ball
Sato, Teruaki	佐藤 輝明	left	HAN	2022-05-11	71843	straight	4	143	3,3	hit	single
Sato, Teruaki	佐藤 輝明	left	HAN	2022-05-11	71843	straight	3	146	2,1	out	fly-ball
Sato, Teruaki	佐藤 輝明	left	HAN	2022-05-11	71843	two-seam	4	131	4,2	out	throw-out
Sato, Teruaki	佐藤 輝明	left	HAN	2022-05-11	71843	slider	3	132	5,4	strikeout	swinging
Sato, Teruaki	佐藤 輝明	left	HAN	2022-05-14	71851	straight	3	145	2,2	hit	double
Sato, Teruaki	佐藤 輝明	left	HAN	2022-05-14	71851	cutter	6	140	4,2	out	throw-out
Sato, Teruaki	佐藤 輝明	left	HAN	2022-05-14	71851	NA	0	NA	NA	walk	intentional
Sato, Teruaki	佐藤 輝明	left	HAN	2022-05-14	71851	cutter	2	132	3,4	hit	single
Sato, Teruaki	佐藤 輝明	left	HAN	2022-05-14	71851	straight	5	148	4,4	hit	single
Sato, Teruaki	佐藤 輝明	left	HAN	2022-05-15	71854	cutter	5	132	5,5	strikeout	swinging
Sato, Teruaki	佐藤 輝明	left	HAN	2022-05-15	71854	straight	1	141	1,2	hit	home-run
Sato, Teruaki	佐藤 輝明	left	HAN	2022-05-15	71854	straight	4	152	4,3	out	fly-ball
Sato, Teruaki	佐藤 輝明	left	HAN	2022-05-15	71854	straight	3	143	3,3	hit	home-run
Sato, Teruaki	佐藤 輝明	left	HAN	2022-05-15	71854	straight	2	148	2,4	out	fly-ball
Sato, Teruaki	佐藤 輝明	left	HAN	2022-05-17	71857	split-finger	5	136	3,5	strikeout	swinging
Sato, Teruaki	佐藤 輝明	left	HAN	2022-05-17	71857	change-up	1	129	3,4	out	other-out
Sato, Teruaki	佐藤 輝明	left	HAN	2022-05-17	71857	straight	3	151	4,1	strikeout	swinging
Sato, Teruaki	佐藤 輝明	left	HAN	2022-05-17	71857	straight	2	NA	2,2	out	fly-ball
Sato, Teruaki	佐藤 輝明	left	HAN	2022-05-18	71860	straight	5	153	2,3	strikeout	swinging
Sato, Teruaki	佐藤 輝明	left	HAN	2022-05-18	71860	straight	7	150	4,1	strikeout	swinging
Sato, Teruaki	佐藤 輝明	left	HAN	2022-05-18	71860	shoot	3	154	3,4	hit	home-run
Sato, Teruaki	佐藤 輝明	left	HAN	2022-05-18	71860	straight	1	140	2,3	hit	double
Sato, Teruaki	佐藤 輝明	left	HAN	2022-05-19	71863	straight	1	143	2,3	out	fly-ball
Sato, Teruaki	佐藤 輝明	left	HAN	2022-05-19	71863	change-up	3	123	3,3	hit	double
Sato, Teruaki	佐藤 輝明	left	HAN	2022-05-19	71863	cutter	2	138	1,2	out	throw-out
Sato, Teruaki	佐藤 輝明	left	HAN	2022-05-19	71863	straight	5	151	2,1	strikeout	swinging
Sato, Teruaki	佐藤 輝明	left	HAN	2022-05-20	71865	straight	6	151	4,3	strikeout	swinging
Sato, Teruaki	佐藤 輝明	left	HAN	2022-05-20	71865	fork	4	137	3,5	strikeout	swinging
Sato, Teruaki	佐藤 輝明	left	HAN	2022-05-20	71865	curve	1	131	4,4	hit	single
Sato, Teruaki	佐藤 輝明	left	HAN	2022-05-20	71865	slider	7	120	4,5	hit	single
Sato, Teruaki	佐藤 輝明	left	HAN	2022-05-20	71865	slider	2	131	2,4	out	fly-ball
Sato, Teruaki	佐藤 輝明	left	HAN	2022-05-21	71868	split-finger	6	135	1,5	walk	unintentional
Sato, Teruaki	佐藤 輝明	left	HAN	2022-05-21	71868	two-seam	2	144	4,3	hit	single
Sato, Teruaki	佐藤 輝明	left	HAN	2022-05-21	71868	split-finger	5	133	3,5	out	throw-out
Sato, Teruaki	佐藤 輝明	left	HAN	2022-05-21	71868	change-up	4	141	2,4	out	throw-out
Sato, Teruaki	佐藤 輝明	left	HAN	2022-05-22	71871	straight	2	147	1,2	out	throw-out
Sato, Teruaki	佐藤 輝明	left	HAN	2022-05-22	71871	cutter	2	134	2,4	hit	single
Sato, Teruaki	佐藤 輝明	left	HAN	2022-05-22	71871	change-up	2	114	2,5	out	throw-out
Sato, Teruaki	佐藤 輝明	left	HAN	2022-05-22	71871	change-up	3	119	2,3	out	fly-ball
Sato, Teruaki	佐藤 輝明	left	HAN	2022-05-24	71877	straight	3	150	2,2	out	other-out
Sato, Teruaki	佐藤 輝明	left	HAN	2022-05-24	71877	slider	4	137	3,3	out	fly-ball
Sato, Teruaki	佐藤 輝明	left	HAN	2022-05-24	71877	straight	3	149	2,2	out	fly-ball
Sato, Teruaki	佐藤 輝明	left	HAN	2022-05-24	71877	straight	5	152	4,5	strikeout	called
Sato, Teruaki	佐藤 輝明	left	HAN	2022-05-25	71883	curve	3	110	3,4	out	throw-out
Sato, Teruaki	佐藤 輝明	left	HAN	2022-05-25	71883	change-up	2	119	3,3	hit	single
Sato, Teruaki	佐藤 輝明	left	HAN	2022-05-25	71883	straight	4	152	2,1	strikeout	swinging
Sato, Teruaki	佐藤 輝明	left	HAN	2022-05-25	71883	slider	3	138	4,3	out	fly-ball
Sato, Teruaki	佐藤 輝明	left	HAN	2022-05-26	71889	curve	1	108	2,2	out	fly-ball
Sato, Teruaki	佐藤 輝明	left	HAN	2022-05-26	71889	change-up	3	126	4,5	out	fly-ball
Sato, Teruaki	佐藤 輝明	left	HAN	2022-05-26	71889	change-up	6	126	4,3	out	fly-ball
Sato, Teruaki	佐藤 輝明	left	HAN	2022-05-26	71889	straight	6	152	4,3	strikeout	swinging
Sato, Teruaki	佐藤 輝明	left	HAN	2022-05-27	71894	fork	4	146	3,4	strikeout	swinging
Sato, Teruaki	佐藤 輝明	left	HAN	2022-05-27	71894	straight	6	NA	4,2	out	throw-out
Sato, Teruaki	佐藤 輝明	left	HAN	2022-05-27	71894	fork	4	145	2,4	strikeout	swinging
Sato, Teruaki	佐藤 輝明	left	HAN	2022-05-27	71894	sinker	6	131	3,5	hit	home-run
Sato, Teruaki	佐藤 輝明	left	HAN	2022-05-28	71900	curve	4	NA	4,4	sacrifice	sacrifice-fly
Sato, Teruaki	佐藤 輝明	left	HAN	2022-05-28	71900	curve	1	NA	3,4	hit	triple
Sato, Teruaki	佐藤 輝明	left	HAN	2022-05-28	71900	curve	4	106	3,5	strikeout	swinging
Sato, Teruaki	佐藤 輝明	left	HAN	2022-05-28	71900	split-finger	6	136	4,4	strikeout	swinging
Sato, Teruaki	佐藤 輝明	left	HAN	2022-05-28	71900	fork	5	139	3,1	walk	unintentional
Sato, Teruaki	佐藤 輝明	left	HAN	2022-05-29	71906	straight	6	151	2,2	strikeout	swinging
Sato, Teruaki	佐藤 輝明	left	HAN	2022-05-29	71906	straight	7	149	2,3	strikeout	called
Sato, Teruaki	佐藤 輝明	left	HAN	2022-05-29	71906	straight	6	148	3,2	out	fly-ball
Sato, Teruaki	佐藤 輝明	left	HAN	2022-05-29	71906	straight	2	NA	2,2	hit	home-run
Sato, Teruaki	佐藤 輝明	left	HAN	2022-05-31	71913	slider	7	135	5,5	out	throw-out
Sato, Teruaki	佐藤 輝明	left	HAN	2022-05-31	71913	slider	9	131	5,5	strikeout	swinging
Sato, Teruaki	佐藤 輝明	left	HAN	2022-05-31	71913	slider	6	133	5,4	hit	single
Sato, Teruaki	佐藤 輝明	left	HAN	2022-05-31	71913	straight	5	158	5,1	walk	unintentional
Sato, Teruaki	佐藤 輝明	left	HAN	2022-06-17	71983	straight	2	148	2,2	out	fly-ball
Sato, Teruaki	佐藤 輝明	left	HAN	2022-06-17	71983	straight	2	145	2,2	out	fly-ball
Sato, Teruaki	佐藤 輝明	left	HAN	2022-06-17	71983	straight	5	147	3,1	strikeout	swinging
Sato, Teruaki	佐藤 輝明	left	HAN	2022-06-17	71983	straight	2	141	3,3	out	fly-ball
Sato, Teruaki	佐藤 輝明	left	HAN	2022-06-18	71986	slider	2	134	3,4	hit	double
Sato, Teruaki	佐藤 輝明	left	HAN	2022-06-18	71986	slider	6	133	2,5	walk	unintentional
Sato, Teruaki	佐藤 輝明	left	HAN	2022-06-18	71986	straight	3	139	2,3	out	fly-ball
Sato, Teruaki	佐藤 輝明	left	HAN	2022-06-18	71986	straight	4	144	3,3	out	throw-out
Sato, Teruaki	佐藤 輝明	left	HAN	2022-06-19	71989	straight	3	149	3,2	error	fielder
Sato, Teruaki	佐藤 輝明	left	HAN	2022-06-19	71989	split-finger	8	139	4,4	out	fly-ball
Sato, Teruaki	佐藤 輝明	left	HAN	2022-06-19	71989	split-finger	5	139	4,2	out	fly-ball
Sato, Teruaki	佐藤 輝明	left	HAN	2022-06-19	71989	straight	8	157	2,3	hit	double
Sato, Teruaki	佐藤 輝明	left	HAN	2022-06-19	71989	straight	3	146	2,2	out	fly-ball
Sato, Teruaki	佐藤 輝明	left	HAN	2022-06-21	71992	straight	2	140	2,2	out	fly-ball
Sato, Teruaki	佐藤 輝明	left	HAN	2022-06-21	71992	straight	1	146	2,2	out	fly-ball
Sato, Teruaki	佐藤 輝明	left	HAN	2022-06-21	71992	straight	3	147	2,3	out	fly-ball
Sato, Teruaki	佐藤 輝明	left	HAN	2022-06-21	71992	fork	3	136	4,3	hit	single
Sato, Teruaki	佐藤 輝明	left	HAN	2022-06-22	71995	straight	8	141	3,2	out	fly-ball
Sato, Teruaki	佐藤 輝明	left	HAN	2022-06-22	71995	change-up	1	131	2,4	out	fly-ball
Sato, Teruaki	佐藤 輝明	left	HAN	2022-06-22	71995	slider	1	123	2,4	out	throw-out
Sato, Teruaki	佐藤 輝明	left	HAN	2022-06-22	71995	straight	1	149	2,2	hit	single
Sato, Teruaki	佐藤 輝明	left	HAN	2022-06-22	71995	fork	3	133	3,5	hit	double
Sato, Teruaki	佐藤 輝明	left	HAN	2022-06-26	72007	straight	5	145	4,2	strikeout	swinging
Sato, Teruaki	佐藤 輝明	left	HAN	2022-06-26	72007	straight	6	144	2,2	out	fly-ball
Sato, Teruaki	佐藤 輝明	left	HAN	2022-06-26	72007	curve	2	105	3,5	out	fly-ball
Sato, Teruaki	佐藤 輝明	left	HAN	2022-06-26	72007	cutter	1	139	2,3	out	fly-ball
Sato, Teruaki	佐藤 輝明	left	HAN	2022-06-26	72007	split-finger	4	139	3,5	out	throw-out
Sato, Teruaki	佐藤 輝明	left	HAN	2022-06-26	72007	slider	6	125	5,5	strikeout	swinging
Sato, Teruaki	佐藤 輝明	left	HAN	2022-06-28	72009	split-finger	6	136	3,3	sacrifice	sacrifice-fly
Sato, Teruaki	佐藤 輝明	left	HAN	2022-06-28	72009	split-finger	2	136	4,3	out	throw-out
Sato, Teruaki	佐藤 輝明	left	HAN	2022-06-28	72009	straight	6	146	4,4	strikeout	swinging
Sato, Teruaki	佐藤 輝明	left	HAN	2022-06-28	72009	split-finger	6	139	3,3	hit	double
Sato, Teruaki	佐藤 輝明	left	HAN	2022-06-30	72014	cutter	2	136	4,3	out	fly-ball
Sato, Teruaki	佐藤 輝明	left	HAN	2022-06-30	72014	straight	4	146	3,3	strikeout	called
Sato, Teruaki	佐藤 輝明	left	HAN	2022-06-30	72014	straight	3	145	3,3	sacrifice	sacrifice-fly
Sato, Teruaki	佐藤 輝明	left	HAN	2022-06-30	72014	straight	2	154	2,2	hit	home-run
Sato, Teruaki	佐藤 輝明	left	HAN	2022-06-30	72014	two-seam	2	144	4,4	out	throw-out
Sato, Teruaki	佐藤 輝明	left	HAN	2022-06-23	71998	change-up	2	139	2,5	out	fly-ball
Sato, Teruaki	佐藤 輝明	left	HAN	2022-06-23	71998	slider	5	132	1,5	walk	unintentional
Sato, Teruaki	佐藤 輝明	left	HAN	2022-06-23	71998	straight	8	139	2,4	out	fly-ball
Sato, Teruaki	佐藤 輝明	left	HAN	2022-06-23	71998	slider	4	128	5,5	walk	unintentional
Sato, Teruaki	佐藤 輝明	left	HAN	2022-06-23	71998	straight	2	149	1,1	hit-by-pitch	NA
Sato, Teruaki	佐藤 輝明	left	HAN	2022-06-23	71998	curve	1	121	3,3	out	throw-out
Sato, Teruaki	佐藤 輝明	left	HAN	2022-06-24	72001	two-seam	2	136	3,3	hit	single
Sato, Teruaki	佐藤 輝明	left	HAN	2022-06-24	72001	cutter	4	NA	5,3	strikeout	swinging
Sato, Teruaki	佐藤 輝明	left	HAN	2022-06-24	72001	straight	4	141	2,2	hit	double
Sato, Teruaki	佐藤 輝明	left	HAN	2022-06-24	72001	split-finger	7	140	2,4	hit	single
Sato, Teruaki	佐藤 輝明	left	HAN	2022-06-25	72004	straight	1	141	1,4	walk	unintentional
Sato, Teruaki	佐藤 輝明	left	HAN	2022-06-25	72004	change-up	1	NA	2,4	hit	single
Sato, Teruaki	佐藤 輝明	left	HAN	2022-06-25	72004	change-up	7	NA	4,2	hit	double
Sato, Teruaki	佐藤 輝明	left	HAN	2022-06-25	72004	straight	2	149	2,2	out	throw-out
Sato, Teruaki	佐藤 輝明	left	HAN	2022-06-25	72004	straight	2	148	2,3	out	throw-out
Sato, Teruaki	佐藤 輝明	left	HAN	2022-06-29	72012	straight	5	143	3,3	hit	single
Sato, Teruaki	佐藤 輝明	left	HAN	2022-06-29	72012	straight	1	142	4,4	out	fly-ball
Sato, Teruaki	佐藤 輝明	left	HAN	2022-06-29	72012	straight	6	142	5,2	walk	unintentional
Sato, Teruaki	佐藤 輝明	left	HAN	2022-06-29	72012	straight	1	150	3,2	out	fly-ball
Sato, Teruaki	佐藤 輝明	left	HAN	2022-06-01	71919	slider	9	114	3,3	strikeout	called
Sato, Teruaki	佐藤 輝明	left	HAN	2022-06-01	71919	straight	1	NA	2,3	hit	single
Sato, Teruaki	佐藤 輝明	left	HAN	2022-06-01	71919	change-up	6	128	1,1	walk	unintentional
Sato, Teruaki	佐藤 輝明	left	HAN	2022-06-01	71919	curve	4	117	3,2	out	fly-ball
Sato, Teruaki	佐藤 輝明	left	HAN	2022-06-02	71925	split-finger	5	135	4,2	strikeout	called
Sato, Teruaki	佐藤 輝明	left	HAN	2022-06-02	71925	cutter	3	135	5,5	hit	single
Sato, Teruaki	佐藤 輝明	left	HAN	2022-06-02	71925	change-up	5	119	3,2	out	throw-out
Sato, Teruaki	佐藤 輝明	left	HAN	2022-06-02	71925	curve	4	132	4,4	error	fielder
Sato, Teruaki	佐藤 輝明	left	HAN	2022-06-03	71931	change-up	6	130	3,4	out	fly-ball
Sato, Teruaki	佐藤 輝明	left	HAN	2022-06-03	71931	change-up	5	127	3,5	strikeout	swinging
Sato, Teruaki	佐藤 輝明	left	HAN	2022-06-03	71931	slider	1	127	3,3	hit	single
Sato, Teruaki	佐藤 輝明	left	HAN	2022-06-03	71931	straight	7	145	2,3	strikeout	called
Sato, Teruaki	佐藤 輝明	left	HAN	2022-06-03	71931	cutter	2	135	2,3	out	fly-ball
Sato, Teruaki	佐藤 輝明	left	HAN	2022-06-04	71937	straight	4	148	4,4	strikeout	called
Sato, Teruaki	佐藤 輝明	left	HAN	2022-06-04	71937	straight	6	NA	3,4	hit	single
Sato, Teruaki	佐藤 輝明	left	HAN	2022-06-04	71937	straight	6	NA	4,4	strikeout	swinging
Sato, Teruaki	佐藤 輝明	left	HAN	2022-06-04	71937	slider	4	132	5,5	strikeout	swinging
Sato, Teruaki	佐藤 輝明	left	HAN	2022-06-05	71943	straight	4	144	4,3	out	throw-out
Sato, Teruaki	佐藤 輝明	left	HAN	2022-06-05	71943	straight	4	145	3,3	hit	single
Sato, Teruaki	佐藤 輝明	left	HAN	2022-06-05	71943	slider	6	129	5,4	walk	unintentional
Sato, Teruaki	佐藤 輝明	left	HAN	2022-06-05	71943	straight	4	143	1,2	walk	unintentional
Sato, Teruaki	佐藤 輝明	left	HAN	2022-06-07	71950	straight	6	148	3,1	out	fly-ball
Sato, Teruaki	佐藤 輝明	left	HAN	2022-06-07	71950	fork	2	139	4,3	hit	single
Sato, Teruaki	佐藤 輝明	left	HAN	2022-06-07	71950	curve	3	124	4,3	out	throw-out
Sato, Teruaki	佐藤 輝明	left	HAN	2022-06-07	71950	fork	4	145	4,5	strikeout	swinging
Sato, Teruaki	佐藤 輝明	left	HAN	2022-06-08	71956	cutter	5	140	1,5	strikeout	swinging
Sato, Teruaki	佐藤 輝明	left	HAN	2022-06-08	71956	sinker	7	NA	4,5	out	throw-out
Sato, Teruaki	佐藤 輝明	left	HAN	2022-06-08	71956	sinker	4	143	5,4	strikeout	swinging
Sato, Teruaki	佐藤 輝明	left	HAN	2022-06-08	71956	cutter	4	146	1,4	walk	unintentional
Sato, Teruaki	佐藤 輝明	left	HAN	2022-06-09	71962	straight	4	148	3,1	strikeout	swinging
Sato, Teruaki	佐藤 輝明	left	HAN	2022-06-09	71962	two-seam	3	151	3,1	out	throw-out
Sato, Teruaki	佐藤 輝明	left	HAN	2022-06-09	71962	change-up	5	138	3,4	out	throw-out
Sato, Teruaki	佐藤 輝明	left	HAN	2022-06-09	71962	straight	1	148	4,5	out	fly-ball
Sato, Teruaki	佐藤 輝明	left	HAN	2022-06-10	71967	change-up	6	122	1,3	walk	unintentional
Sato, Teruaki	佐藤 輝明	left	HAN	2022-06-10	71967	curve	2	94	3,3	out	fly-ball
Sato, Teruaki	佐藤 輝明	left	HAN	2022-06-10	71967	straight	2	141	3,1	error	fielder
Sato, Teruaki	佐藤 輝明	left	HAN	2022-06-10	71967	straight	1	150	2,2	out	fly-ball
Sato, Teruaki	佐藤 輝明	left	HAN	2022-06-10	71967	slider	7	142	3,5	walk	unintentional
Sato, Teruaki	佐藤 輝明	left	HAN	2022-06-11	71973	fork	6	NA	5,4	out	throw-out
Sato, Teruaki	佐藤 輝明	left	HAN	2022-06-11	71973	cutter	2	146	2,3	out	throw-out
Sato, Teruaki	佐藤 輝明	left	HAN	2022-06-11	71973	fork	4	148	4,5	out	fly-ball
Sato, Teruaki	佐藤 輝明	left	HAN	2022-06-11	71973	slider	6	NA	3,4	hit	triple
Sato, Teruaki	佐藤 輝明	left	HAN	2022-06-11	71973	straight	6	155	4,3	hit	single
Sato, Teruaki	佐藤 輝明	left	HAN	2022-06-12	71979	change-up	5	126	2,4	strikeout	called
Sato, Teruaki	佐藤 輝明	left	HAN	2022-06-12	71979	straight	1	NA	2,2	hit	single
Sato, Teruaki	佐藤 輝明	left	HAN	2022-06-12	71979	straight	4	144	5,4	walk	unintentional
Sato, Teruaki	佐藤 輝明	left	HAN	2022-06-12	71979	straight	1	134	2,3	hit	double
Sato, Teruaki	佐藤 輝明	left	HAN	2022-06-12	71979	fork	3	142	3,4	hit	home-run
Sato, Teruaki	佐藤 輝明	left	HAN	2022-07-07	72033	cutter	2	145	3,2	hit	double
Sato, Teruaki	佐藤 輝明	left	HAN	2022-07-07	72033	straight	8	151	4,1	walk	unintentional
Sato, Teruaki	佐藤 輝明	left	HAN	2022-07-07	72033	change-up	3	135	4,4	strikeout	swinging
Sato, Teruaki	佐藤 輝明	left	HAN	2022-07-07	72033	straight	3	150	3,2	out	fly-ball
Sato, Teruaki	佐藤 輝明	left	HAN	2022-07-08	72035	straight	4	NA	2,4	hit	triple
Sato, Teruaki	佐藤 輝明	left	HAN	2022-07-08	72035	fork	6	136	3,5	strikeout	swinging
Sato, Teruaki	佐藤 輝明	left	HAN	2022-07-08	72035	curve	6	121	2,5	strikeout	swinging
Sato, Teruaki	佐藤 輝明	left	HAN	2022-07-08	72035	split-finger	8	NA	3,5	strikeout	swinging
Sato, Teruaki	佐藤 輝明	left	HAN	2022-07-08	72035	shoot	2	NA	4,3	out	throw-out
Sato, Teruaki	佐藤 輝明	left	HAN	2022-07-15	72054	curve	2	119	3,4	out	fly-ball-line-drive
Sato, Teruaki	佐藤 輝明	left	HAN	2022-07-15	72054	change-up	5	131	1,5	strikeout	swinging
Sato, Teruaki	佐藤 輝明	left	HAN	2022-07-15	72054	cutter	5	134	2,4	strikeout	swinging
Sato, Teruaki	佐藤 輝明	left	HAN	2022-07-17	72060	curve	4	NA	2,4	hit	single
Sato, Teruaki	佐藤 輝明	left	HAN	2022-07-17	72060	straight	6	144	1,3	hit	single
Sato, Teruaki	佐藤 輝明	left	HAN	2022-07-17	72060	slider	5	125	2,5	hit	double
Sato, Teruaki	佐藤 輝明	left	HAN	2022-07-17	72060	straight	6	145	2,4	out	throw-out
Sato, Teruaki	佐藤 輝明	left	HAN	2022-07-19	72066	straight	3	143	2,2	strikeout	swinging
Sato, Teruaki	佐藤 輝明	left	HAN	2022-07-19	72066	straight	1	142	4,2	out	fly-ball
Sato, Teruaki	佐藤 輝明	left	HAN	2022-07-19	72066	two-seam	1	138	2,4	hit	single
Sato, Teruaki	佐藤 輝明	left	HAN	2022-07-19	72066	two-seam	4	136	3,5	strikeout	swinging
Sato, Teruaki	佐藤 輝明	left	HAN	2022-07-20	72069	straight	2	143	2,2	hit	single
Sato, Teruaki	佐藤 輝明	left	HAN	2022-07-20	72069	change-up	7	NA	2,2	strikeout	called
Sato, Teruaki	佐藤 輝明	left	HAN	2022-07-20	72069	change-up	3	134	4,3	hit	double
Sato, Teruaki	佐藤 輝明	left	HAN	2022-07-20	72069	straight	2	144	3,2	out	fly-ball
Sato, Teruaki	佐藤 輝明	left	HAN	2022-07-13	72047	straight	5	141	1,2	hit	single
Sato, Teruaki	佐藤 輝明	left	HAN	2022-07-13	72047	slider	4	124	5,5	sacrifice	sacrifice-fly
Sato, Teruaki	佐藤 輝明	left	HAN	2022-07-13	72047	curve	1	116	3,3	out	fly-ball
Sato, Teruaki	佐藤 輝明	left	HAN	2022-07-13	72047	change-up	6	124	4,2	out	fly-ball
Sato, Teruaki	佐藤 輝明	left	HAN	2022-07-22	72072	slider	3	NA	3,3	out	fly-ball
Sato, Teruaki	佐藤 輝明	left	HAN	2022-07-22	72072	nuckle-curve	1	118	3,3	out	fly-ball
Sato, Teruaki	佐藤 輝明	left	HAN	2022-07-22	72072	straight	1	151	5,5	hit	home-run
Sato, Teruaki	佐藤 輝明	left	HAN	2022-07-22	72072	slider	3	124	4,3	hit	single
Sato, Teruaki	佐藤 輝明	left	HAN	2022-07-23	72075	cutter	2	NA	3,5	walk	unintentional
Sato, Teruaki	佐藤 輝明	left	HAN	2022-07-23	72075	cutter	1	140	4,3	hit	single
Sato, Teruaki	佐藤 輝明	left	HAN	2022-07-23	72075	straight	1	146	2,1	out	fly-ball
Sato, Teruaki	佐藤 輝明	left	HAN	2022-07-23	72075	cutter	1	140	2,3	out	fly-ball-line-drive
Sato, Teruaki	佐藤 輝明	left	HAN	2022-07-14	72050	split-finger	2	131	2,4	out	fly-ball
Sato, Teruaki	佐藤 輝明	left	HAN	2022-07-14	72050	split-finger	1	136	2,4	out	fly-ball
Sato, Teruaki	佐藤 輝明	left	HAN	2022-07-14	72050	split-finger	6	135	2,5	strikeout	swinging
Sato, Teruaki	佐藤 輝明	left	HAN	2022-07-14	72050	slider	7	137	2,5	strikeout	swinging
Sato, Teruaki	佐藤 輝明	left	HAN	2022-07-01	72017	slider	5	NA	2,3	hit	double
Sato, Teruaki	佐藤 輝明	left	HAN	2022-07-01	72017	straight	3	142	2,5	out	other-out
Sato, Teruaki	佐藤 輝明	left	HAN	2022-07-01	72017	curve	5	123	2,2	out	throw-out
Sato, Teruaki	佐藤 輝明	left	HAN	2022-07-01	72017	straight	1	155	2,3	hit	double
Sato, Teruaki	佐藤 輝明	left	HAN	2022-07-02	72020	curve	4	107	4,4	strikeout	swinging
Sato, Teruaki	佐藤 輝明	left	HAN	2022-07-02	72020	straight	1	139	1,1	hit-by-pitch	NA
Sato, Teruaki	佐藤 輝明	left	HAN	2022-07-02	72020	slider	7	120	4,3	out	fly-ball
Sato, Teruaki	佐藤 輝明	left	HAN	2022-07-02	72020	straight	2	146	5,1	strikeout	swinging
Sato, Teruaki	佐藤 輝明	left	HAN	2022-07-16	72057	cutter	3	134	4,2	out	throw-out
Sato, Teruaki	佐藤 輝明	left	HAN	2022-07-16	72057	cutter	4	130	4,3	out	fly-ball
Sato, Teruaki	佐藤 輝明	left	HAN	2022-07-16	72057	cutter	1	130	5,4	out	throw-out
Sato, Teruaki	佐藤 輝明	left	HAN	2022-07-16	72057	straight	1	151	4,3	out	throw-out
Sato, Teruaki	佐藤 輝明	left	HAN	2022-07-16	72057	slider	1	NA	2,3	out	fly-ball
Sato, Teruaki	佐藤 輝明	left	HAN	2022-07-03	72023	cutter	5	137	1,4	walk	unintentional
Sato, Teruaki	佐藤 輝明	left	HAN	2022-07-03	72023	change-up	4	130	5,4	out	throw-out
Sato, Teruaki	佐藤 輝明	left	HAN	2022-07-03	72023	change-up	1	129	4,4	out	fly-ball
Sato, Teruaki	佐藤 輝明	left	HAN	2022-07-03	72023	slider	4	124	3,3	out	fly-ball
Sato, Teruaki	佐藤 輝明	left	HAN	2022-07-12	72044	straight	2	145	3,3	out	fly-ball
Sato, Teruaki	佐藤 輝明	left	HAN	2022-07-12	72044	straight	1	148	2,2	out	fly-ball
Sato, Teruaki	佐藤 輝明	left	HAN	2022-07-12	72044	fork	3	136	3,5	strikeout	swinging
Sato, Teruaki	佐藤 輝明	left	HAN	2022-07-12	72044	slider	6	135	4,3	hit	single
Sato, Teruaki	佐藤 輝明	left	HAN	2022-07-06	72030	straight	2	145	3,2	out	fly-ball
Sato, Teruaki	佐藤 輝明	left	HAN	2022-07-06	72030	straight	3	NA	1,2	hit	single
Sato, Teruaki	佐藤 輝明	left	HAN	2022-07-06	72030	straight	4	146	2,2	out	fly-ball
Sato, Teruaki	佐藤 輝明	left	HAN	2022-07-24	72078	straight	5	NA	2,4	hit	double
Sato, Teruaki	佐藤 輝明	left	HAN	2022-07-24	72078	straight	2	142	2,2	out	throw-out
Sato, Teruaki	佐藤 輝明	left	HAN	2022-07-24	72078	slider	4	125	4,3	out	fly-ball
Sato, Teruaki	佐藤 輝明	left	HAN	2022-07-29	72080	change-up	2	114	4,5	out	fly-ball
Sato, Teruaki	佐藤 輝明	left	HAN	2022-07-29	72080	change-up	2	113	4,2	out	throw-out
Sato, Teruaki	佐藤 輝明	left	HAN	2022-07-29	72080	straight	5	142	2,3	strikeout	swinging
Sato, Teruaki	佐藤 輝明	left	HAN	2022-07-29	72080	straight	6	152	3,2	strikeout	swinging
Sato, Teruaki	佐藤 輝明	left	HAN	2022-07-30	72083	fork	4	130	3,5	strikeout	swinging
Sato, Teruaki	佐藤 輝明	left	HAN	2022-07-30	72083	fork	4	130	2,5	strikeout	swinging
Sato, Teruaki	佐藤 輝明	left	HAN	2022-07-30	72083	shoot	3	147	4,3	hit	home-run
Sato, Teruaki	佐藤 輝明	left	HAN	2022-07-30	72083	shoot	3	143	2,4	hit	single
Sato, Teruaki	佐藤 輝明	left	HAN	2022-07-31	72086	straight	4	144	2,3	out	throw-out
Sato, Teruaki	佐藤 輝明	left	HAN	2022-07-31	72086	straight	2	142	3,2	hit	single
Sato, Teruaki	佐藤 輝明	left	HAN	2022-07-31	72086	slider	3	122	5,5	strikeout	swinging
Sato, Teruaki	佐藤 輝明	left	HAN	2022-07-31	72086	fork	4	129	2,4	out	throw-out
Sato, Teruaki	佐藤 輝明	left	HAN	2022-07-31	72086	straight	4	152	3,1	strikeout	swinging
Sato, Teruaki	佐藤 輝明	left	HAN	2022-08-12	72117	cutter	4	134	4,2	out	fly-ball
Sato, Teruaki	佐藤 輝明	left	HAN	2022-08-12	72117	two-seam	1	140	2,4	out	throw-out
Sato, Teruaki	佐藤 輝明	left	HAN	2022-08-12	72117	cutter	6	137	5,4	walk	unintentional
Sato, Teruaki	佐藤 輝明	left	HAN	2022-08-12	72117	straight	2	144	3,3	out	fly-ball
Sato, Teruaki	佐藤 輝明	left	HAN	2022-08-02	72088	slider	4	129	4,4	out	fly-ball
Sato, Teruaki	佐藤 輝明	left	HAN	2022-08-02	72088	slider	4	129	3,5	strikeout	swinging
Sato, Teruaki	佐藤 輝明	left	HAN	2022-08-02	72088	straight	4	147	3,2	hit	single
Sato, Teruaki	佐藤 輝明	left	HAN	2022-08-02	72088	shoot	4	145	1,3	out	fly-ball
Sato, Teruaki	佐藤 輝明	left	HAN	2022-08-03	72091	straight	2	146	4,1	out	fly-ball
Sato, Teruaki	佐藤 輝明	left	HAN	2022-08-03	72091	curve	1	123	3,4	hit	single
Sato, Teruaki	佐藤 輝明	left	HAN	2022-08-03	72091	straight	7	147	2,1	walk	unintentional
Sato, Teruaki	佐藤 輝明	left	HAN	2022-08-03	72091	cutter	4	140	4,3	out	throw-out
Sato, Teruaki	佐藤 輝明	left	HAN	2022-08-04	72094	fork	5	134	4,3	out	fly-ball-line-drive
Sato, Teruaki	佐藤 輝明	left	HAN	2022-08-04	72094	straight	6	143	3,2	out	fly-ball
Sato, Teruaki	佐藤 輝明	left	HAN	2022-08-04	72094	cutter	3	130	3,3	out	fly-ball
Sato, Teruaki	佐藤 輝明	left	HAN	2022-08-05	72099	fork	5	134	4,4	sacrifice	sacrifice-fly
Sato, Teruaki	佐藤 輝明	left	HAN	2022-08-05	72099	straight	1	144	3,2	out	fly-ball
Sato, Teruaki	佐藤 輝明	left	HAN	2022-08-05	72099	straight	2	151	3,1	out	fly-ball
Sato, Teruaki	佐藤 輝明	left	HAN	2022-08-05	72099	change-up	7	127	1,4	strikeout	swinging
Sato, Teruaki	佐藤 輝明	left	HAN	2022-08-13	72120	straight	4	145	4,4	strikeout	called
Sato, Teruaki	佐藤 輝明	left	HAN	2022-08-13	72120	change-up	5	134	4,5	strikeout	swinging
Sato, Teruaki	佐藤 輝明	left	HAN	2022-08-13	72120	slider	5	130	5,4	walk	unintentional
Sato, Teruaki	佐藤 輝明	left	HAN	2022-08-13	72120	straight	2	158	3,2	out	fly-ball
Sato, Teruaki	佐藤 輝明	left	HAN	2022-08-06	72102	straight	3	144	4,4	strikeout	swinging
Sato, Teruaki	佐藤 輝明	left	HAN	2022-08-06	72102	nuckle-curve	5	116	1,2	walk	unintentional
Sato, Teruaki	佐藤 輝明	left	HAN	2022-08-06	72102	straight	1	142	5,4	hit	double
Sato, Teruaki	佐藤 輝明	left	HAN	2022-08-06	72102	straight	2	144	1,4	out	fly-ball
Sato, Teruaki	佐藤 輝明	left	HAN	2022-08-06	72102	straight	1	138	2,1	walk	intentional
Sato, Teruaki	佐藤 輝明	left	HAN	2022-08-07	72105	straight	5	141	3,1	out	fly-ball
Sato, Teruaki	佐藤 輝明	left	HAN	2022-08-07	72105	straight	4	140	2,4	out	fly-ball
Sato, Teruaki	佐藤 輝明	left	HAN	2022-08-07	72105	straight	5	139	2,3	strikeout	called
Sato, Teruaki	佐藤 輝明	left	HAN	2022-08-07	72105	slider	4	NA	4,5	walk	unintentional
Sato, Teruaki	佐藤 輝明	left	HAN	2022-08-07	72105	change-up	3	128	3,3	sacrifice	sacrifice-fly
Sato, Teruaki	佐藤 輝明	left	HAN	2022-08-09	72106	slider	3	126	4,3	out	fly-ball
Sato, Teruaki	佐藤 輝明	left	HAN	2022-08-09	72106	curve	2	121	2,4	out	fly-ball
Sato, Teruaki	佐藤 輝明	left	HAN	2022-08-09	72106	straight	5	148	3,2	strikeout	swinging
Sato, Teruaki	佐藤 輝明	left	HAN	2022-08-10	72109	change-up	9	122	3,5	strikeout	swinging
Sato, Teruaki	佐藤 輝明	left	HAN	2022-08-10	72109	change-up	5	119	1,5	strikeout	swinging
Sato, Teruaki	佐藤 輝明	left	HAN	2022-08-10	72109	change-up	3	120	4,3	out	fly-ball
Sato, Teruaki	佐藤 輝明	left	HAN	2022-08-10	72109	straight	11	NA	2,3	strikeout	swinging
Sato, Teruaki	佐藤 輝明	left	HAN	2022-08-14	72123	straight	5	141	5,5	walk	unintentional
Sato, Teruaki	佐藤 輝明	left	HAN	2022-08-14	72123	slider	5	131	4,4	out	fly-ball
Sato, Teruaki	佐藤 輝明	left	HAN	2022-08-14	72123	slider	6	131	3,4	out	fly-ball
Sato, Teruaki	佐藤 輝明	left	HAN	2022-08-14	72123	straight	3	154	1,2	strikeout	swinging
Sato, Teruaki	佐藤 輝明	left	HAN	2022-08-16	72124	straight	5	NA	2,2	out	fly-ball
Sato, Teruaki	佐藤 輝明	left	HAN	2022-08-16	72124	straight	3	NA	4,2	hit	triple
Sato, Teruaki	佐藤 輝明	left	HAN	2022-08-16	72124	straight	1	NA	2,1	hit	single
Sato, Teruaki	佐藤 輝明	left	HAN	2022-08-16	72124	slider	4	136	4,5	strikeout	swinging
Sato, Teruaki	佐藤 輝明	left	HAN	2022-08-17	72127	slider	5	NA	4,4	out	throw-out
Sato, Teruaki	佐藤 輝明	left	HAN	2022-08-17	72127	straight	2	NA	2,2	out	fly-ball
Sato, Teruaki	佐藤 輝明	left	HAN	2022-08-17	72127	straight	5	NA	4,3	hit	home-run
Sato, Teruaki	佐藤 輝明	left	HAN	2022-08-17	72127	straight	1	NA	2,2	out	fly-ball
Sato, Teruaki	佐藤 輝明	left	HAN	2022-08-18	72130	straight	5	NA	4,1	strikeout	swinging
Sato, Teruaki	佐藤 輝明	left	HAN	2022-08-18	72130	slider	3	130	4,3	out	throw-out
Sato, Teruaki	佐藤 輝明	left	HAN	2022-08-18	72130	cutter	4	146	2,3	out	throw-out
Sato, Teruaki	佐藤 輝明	left	HAN	2022-08-18	72130	fork	2	127	4,5	hit	single
Sato, Teruaki	佐藤 輝明	left	HAN	2022-08-18	72130	cutter	4	135	4,3	out	throw-out
Sato, Teruaki	佐藤 輝明	left	HAN	2022-08-19	72133	cutter	3	135	3,4	out	throw-out
Sato, Teruaki	佐藤 輝明	left	HAN	2022-08-19	72133	shoot	2	143	3,3	out	throw-out
Sato, Teruaki	佐藤 輝明	left	HAN	2022-08-19	72133	straight	2	143	5,2	hit	single
Sato, Teruaki	佐藤 輝明	left	HAN	2022-08-19	72133	nuckle-curve	1	125	4,3	hit	triple
Sato, Teruaki	佐藤 輝明	left	HAN	2022-08-20	72136	straight	4	145	2,2	out	fly-ball
Sato, Teruaki	佐藤 輝明	left	HAN	2022-08-20	72136	straight	2	145	4,3	hit	home-run
Sato, Teruaki	佐藤 輝明	left	HAN	2022-08-20	72136	straight	6	144	3,3	strikeout	swinging
Sato, Teruaki	佐藤 輝明	left	HAN	2022-08-20	72136	straight	8	149	4,4	strikeout	called
Sato, Teruaki	佐藤 輝明	left	HAN	2022-08-21	72139	split-finger	4	135	1,5	hit	single
Sato, Teruaki	佐藤 輝明	left	HAN	2022-08-21	72139	straight	3	145	2,4	out	throw-out
Sato, Teruaki	佐藤 輝明	left	HAN	2022-08-21	72139	split-finger	3	134	4,4	out	throw-out
Sato, Teruaki	佐藤 輝明	left	HAN	2022-08-21	72139	straight	5	153	5,3	hit-by-pitch	NA
Sato, Teruaki	佐藤 輝明	left	HAN	2022-08-21	72139	shoot	2	143	1,2	walk	unintentional
Sato, Teruaki	佐藤 輝明	left	HAN	2022-08-23	72144	cutter	5	134	4,5	strikeout	swinging
Sato, Teruaki	佐藤 輝明	left	HAN	2022-08-23	72144	straight	7	145	2,2	hit	single
Sato, Teruaki	佐藤 輝明	left	HAN	2022-08-23	72144	slider	7	127	5,4	strikeout	swinging
Sato, Teruaki	佐藤 輝明	left	HAN	2022-08-23	72144	slider	2	134	4,2	hit	single
Sato, Teruaki	佐藤 輝明	left	HAN	2022-08-24	72147	slider	4	135	4,3	strikeout	swinging
Sato, Teruaki	佐藤 輝明	left	HAN	2022-08-24	72147	slider	1	134	3,2	out	fly-ball
Sato, Teruaki	佐藤 輝明	left	HAN	2022-08-24	72147	straight	8	152	4,4	walk	unintentional
Sato, Teruaki	佐藤 輝明	left	HAN	2022-08-24	72147	two-seam	6	144	4,3	strikeout	swinging
Sato, Teruaki	佐藤 輝明	left	HAN	2022-08-25	72150	straight	1	153	1,2	out	fly-ball
Sato, Teruaki	佐藤 輝明	left	HAN	2022-08-25	72150	cutter	4	146	2,3	out	fly-ball
Sato, Teruaki	佐藤 輝明	left	HAN	2022-08-25	72150	fork	4	131	2,5	strikeout	swinging
Sato, Teruaki	佐藤 輝明	left	HAN	2022-08-25	72150	cutter	1	130	3,3	out	throw-out
Sato, Teruaki	佐藤 輝明	left	HAN	2022-08-25	72150	cutter	4	130	2,3	out	fly-ball
Sato, Teruaki	佐藤 輝明	left	HAN	2022-08-26	72152	straight	5	146	4,2	strikeout	called
Sato, Teruaki	佐藤 輝明	left	HAN	2022-08-26	72152	straight	5	143	4,5	walk	unintentional
Sato, Teruaki	佐藤 輝明	left	HAN	2022-08-26	72152	cutter	6	138	2,2	hit	single
Sato, Teruaki	佐藤 輝明	left	HAN	2022-08-26	72152	cutter	2	130	4,2	out	fly-ball
Sato, Teruaki	佐藤 輝明	left	HAN	2022-08-28	72158	change-up	6	130	3,4	out	fly-ball
Sato, Teruaki	佐藤 輝明	left	HAN	2022-08-28	72158	cutter	2	136	3,3	hit	single
Sato, Teruaki	佐藤 輝明	left	HAN	2022-08-28	72158	change-up	2	126	4,3	hit	single
Sato, Teruaki	佐藤 輝明	left	HAN	2022-08-28	72158	cutter	6	133	4,4	out	fly-ball
Sato, Teruaki	佐藤 輝明	left	HAN	2022-08-30	72162	cutter	6	143	3,3	out	throw-out
Sato, Teruaki	佐藤 輝明	left	HAN	2022-08-30	72162	change-up	4	130	4,4	hit	single
Sato, Teruaki	佐藤 輝明	left	HAN	2022-08-30	72162	straight	4	149	5,2	strikeout	swinging
Sato, Teruaki	佐藤 輝明	left	HAN	2022-08-30	72162	straight	6	156	1,3	out	throw-out
Sato, Teruaki	佐藤 輝明	left	HAN	2022-08-27	72155	nuckle-curve	4	120	4,5	strikeout	swinging
Sato, Teruaki	佐藤 輝明	left	HAN	2022-08-27	72155	slider	4	126	3,3	out	fly-ball-line-drive
Sato, Teruaki	佐藤 輝明	left	HAN	2022-08-27	72155	nuckle-curve	5	120	3,3	hit	double
Sato, Teruaki	佐藤 輝明	left	HAN	2022-08-27	72155	straight	4	147	5,3	walk	unintentional
Sato, Teruaki	佐藤 輝明	left	HAN	2022-08-31	72165	nuckle-curve	1	112	2,4	out	fly-ball
Sato, Teruaki	佐藤 輝明	left	HAN	2022-08-31	72165	change-up	7	131	4,5	walk	unintentional
Sato, Teruaki	佐藤 輝明	left	HAN	2022-08-31	72165	straight	6	159	3,2	hit	single
Sato, Teruaki	佐藤 輝明	left	HAN	2022-08-31	72165	straight	2	144	4,3	hit	double
Sato, Teruaki	佐藤 輝明	left	HAN	2022-08-11	72112	cutter	4	135	4,5	out	throw-out
Sato, Teruaki	佐藤 輝明	left	HAN	2022-08-11	72112	straight	2	140	4,4	hit	single
Sato, Teruaki	佐藤 輝明	left	HAN	2022-08-11	72112	straight	2	139	5,4	strikeout	swinging
Sato, Teruaki	佐藤 輝明	left	HAN	2022-08-11	72112	straight	5	149	4,3	strikeout	called
Sato, Teruaki	佐藤 輝明	left	HAN	2022-09-01	72167	curve	2	111	3,4	out	throw-out
Sato, Teruaki	佐藤 輝明	left	HAN	2022-09-01	72167	two-seam	2	139	4,4	out	fly-ball
Sato, Teruaki	佐藤 輝明	left	HAN	2022-09-01	72167	cutter	3	NA	1,2	out	throw-out
Sato, Teruaki	佐藤 輝明	left	HAN	2022-09-01	72167	straight	7	NA	3,4	hit	triple
Sato, Teruaki	佐藤 輝明	left	HAN	2022-09-02	72169	fork	6	136	3,5	strikeout	swinging
Sato, Teruaki	佐藤 輝明	left	HAN	2022-09-02	72169	straight	4	147	2,1	out	fly-ball
Sato, Teruaki	佐藤 輝明	left	HAN	2022-09-02	72169	fork	5	135	4,3	hit	single
Sato, Teruaki	佐藤 輝明	left	HAN	2022-09-02	72169	straight	3	148	1,2	out	throw-out
Sato, Teruaki	佐藤 輝明	left	HAN	2022-09-02	72169	fork	5	137	2,4	out	fly-ball
Sato, Teruaki	佐藤 輝明	left	HAN	2022-09-09	75691	straight	2	144	2,3	hit	double
Sato, Teruaki	佐藤 輝明	left	HAN	2022-09-09	75691	straight	5	147	4,4	walk	unintentional
Sato, Teruaki	佐藤 輝明	left	HAN	2022-09-09	75691	straight	1	148	4,2	out	fly-ball
Sato, Teruaki	佐藤 輝明	left	HAN	2022-09-09	75691	straight	6	147	2,2	out	throw-out
Sato, Teruaki	佐藤 輝明	left	HAN	2022-09-03	72172	two-seam	3	140	2,3	out	throw-out
Sato, Teruaki	佐藤 輝明	left	HAN	2022-09-03	72172	straight	3	141	2,3	out	throw-out
Sato, Teruaki	佐藤 輝明	left	HAN	2022-09-03	72172	straight	1	144	2,4	out	fly-ball
Sato, Teruaki	佐藤 輝明	left	HAN	2022-09-04	72175	straight	2	147	2,3	out	fly-ball-line-drive
Sato, Teruaki	佐藤 輝明	left	HAN	2022-09-04	72175	straight	4	149	2,2	hit	single
Sato, Teruaki	佐藤 輝明	left	HAN	2022-09-04	72175	fork	2	133	4,3	out	fly-ball
Sato, Teruaki	佐藤 輝明	left	HAN	2022-09-04	72175	straight	4	154	3,4	out	throw-out
Sato, Teruaki	佐藤 輝明	left	HAN	2022-09-06	72179	straight	1	130	1,3	out	fly-ball
Sato, Teruaki	佐藤 輝明	left	HAN	2022-09-06	72179	straight	3	130	3,4	hit	single
Sato, Teruaki	佐藤 輝明	left	HAN	2022-09-06	72179	straight	1	132	4,4	hit	triple
Sato, Teruaki	佐藤 輝明	left	HAN	2022-09-06	72179	NA	0	NA	NA	hit	single
Sato, Teruaki	佐藤 輝明	left	HAN	2022-09-06	72179	shoot	1	136	2,3	out	throw-out
Sato, Teruaki	佐藤 輝明	left	HAN	2022-09-06	72179	slider	3	136	5,5	strikeout	swinging
Sato, Teruaki	佐藤 輝明	left	HAN	2022-09-07	72182	fork	6	131	4,5	strikeout	swinging
Sato, Teruaki	佐藤 輝明	left	HAN	2022-09-07	72182	straight	5	144	4,1	walk	unintentional
Sato, Teruaki	佐藤 輝明	left	HAN	2022-09-07	72182	straight	5	142	4,1	strikeout	swinging
Sato, Teruaki	佐藤 輝明	left	HAN	2022-09-07	72182	straight	5	146	2,2	out	fly-ball
Sato, Teruaki	佐藤 輝明	left	HAN	2022-09-10	72189	slider	6	130	5,5	walk	unintentional
Sato, Teruaki	佐藤 輝明	left	HAN	2022-09-10	72189	straight	1	141	3,4	out	fly-ball
Sato, Teruaki	佐藤 輝明	left	HAN	2022-09-10	72189	straight	4	151	2,1	out	fly-ball
Sato, Teruaki	佐藤 輝明	left	HAN	2022-09-10	72189	fork	3	132	2,2	strikeout	called
Sato, Teruaki	佐藤 輝明	left	HAN	2022-09-11	72191	straight	1	148	2,2	out	fly-ball
Sato, Teruaki	佐藤 輝明	left	HAN	2022-09-11	72191	slider	1	137	3,4	out	throw-out
Sato, Teruaki	佐藤 輝明	left	HAN	2022-09-11	72191	fork	7	140	2,2	hit	double
Sato, Teruaki	佐藤 輝明	left	HAN	2022-09-13	72195	straight	5	143	2,4	out	fly-ball
Sato, Teruaki	佐藤 輝明	left	HAN	2022-09-13	72195	straight	1	139	2,2	out	fly-ball
Sato, Teruaki	佐藤 輝明	left	HAN	2022-09-13	72195	straight	2	NA	1,2	out	fly-ball
Sato, Teruaki	佐藤 輝明	left	HAN	2022-09-13	72195	straight	6	151	3,3	hit	double
Sato, Teruaki	佐藤 輝明	left	HAN	2022-09-17	72198	fork	3	135	3,4	hit	home-run
Sato, Teruaki	佐藤 輝明	left	HAN	2022-09-17	72198	fork	7	137	3,5	strikeout	swinging
Sato, Teruaki	佐藤 輝明	left	HAN	2022-09-17	72198	slider	5	133	4,5	walk	unintentional
Sato, Teruaki	佐藤 輝明	left	HAN	2022-09-17	72198	fork	5	143	3,5	strikeout	swinging
Sato, Teruaki	佐藤 輝明	left	HAN	2022-09-12	75653	straight	5	141	3,4	out	fly-ball
Sato, Teruaki	佐藤 輝明	left	HAN	2022-09-12	75653	change-up	5	130	4,5	strikeout	swinging
Sato, Teruaki	佐藤 輝明	left	HAN	2022-09-12	75653	cutter	5	136	2,3	hit	single
Sato, Teruaki	佐藤 輝明	left	HAN	2022-09-12	75653	straight	6	149	2,3	hit	single
Sato, Teruaki	佐藤 輝明	left	HAN	2022-09-14	75654	cutter	4	138	2,1	walk	unintentional
Sato, Teruaki	佐藤 輝明	left	HAN	2022-09-14	75654	change-up	3	NA	5,4	strikeout	swinging
Sato, Teruaki	佐藤 輝明	left	HAN	2022-09-14	75654	cutter	3	141	3,3	hit	single
Sato, Teruaki	佐藤 輝明	left	HAN	2022-09-14	75654	fork	4	141	3,4	out	fly-ball
Sato, Teruaki	佐藤 輝明	left	HAN	2022-09-18	72202	fork	6	131	4,4	out	throw-out
Sato, Teruaki	佐藤 輝明	left	HAN	2022-09-18	72202	fork	4	129	3,3	hit	double
Sato, Teruaki	佐藤 輝明	left	HAN	2022-09-18	72202	change-up	3	115	5,3	strikeout	swinging
Sato, Teruaki	佐藤 輝明	left	HAN	2022-09-18	72202	straight	1	152	3,4	strikeout	swinging
Sato, Teruaki	佐藤 輝明	left	HAN	2022-03-27	71734	fork	5	133	4,3	hit	double
Sato, Teruaki	佐藤 輝明	left	HAN	2022-03-27	71734	straight	5	143	2,2	out	fly-ball
Sato, Teruaki	佐藤 輝明	left	HAN	2022-03-27	71734	fork	6	135	5,5	strikeout	swinging
Sato, Teruaki	佐藤 輝明	left	HAN	2022-03-27	71734	straight	2	144	2,2	out	throw-out
Sato, Teruaki	佐藤 輝明	left	HAN	2022-03-29	71737	change-up	6	131	2,5	strikeout	swinging
Sato, Teruaki	佐藤 輝明	left	HAN	2022-03-29	71737	straight	3	NA	1,3	out	fly-ball
Sato, Teruaki	佐藤 輝明	left	HAN	2022-03-29	71737	slider	4	124	3,4	hit	single
Sato, Teruaki	佐藤 輝明	left	HAN	2022-03-29	71737	straight	2	133	2,4	out	fly-ball
Sato, Teruaki	佐藤 輝明	left	HAN	2022-03-29	71737	fork	6	138	3,5	walk	unintentional
Sato, Teruaki	佐藤 輝明	left	HAN	2022-03-30	71740	two-seam	2	140	3,3	out	fly-ball
Sato, Teruaki	佐藤 輝明	left	HAN	2022-03-30	71740	two-seam	2	141	3,3	out	fly-ball
Sato, Teruaki	佐藤 輝明	left	HAN	2022-03-30	71740	cutter	2	134	4,3	out	throw-out
Sato, Teruaki	佐藤 輝明	left	HAN	2022-03-30	71740	straight	1	146	3,4	hit	single
Sato, Teruaki	佐藤 輝明	left	HAN	2022-03-31	71743	straight	4	143	2,3	out	fly-ball
Sato, Teruaki	佐藤 輝明	left	HAN	2022-03-31	71743	shoot	2	143	2,3	hit	single
Sato, Teruaki	佐藤 輝明	left	HAN	2022-03-31	71743	straight	2	143	2,3	hit	double
Sato, Teruaki	佐藤 輝明	left	HAN	2022-03-31	71743	change-up	4	127	2,5	walk	unintentional
Sato, Teruaki	佐藤 輝明	left	HAN	2022-03-25	71728	fork	1	136	3,4	hit	single
Sato, Teruaki	佐藤 輝明	left	HAN	2022-03-25	71728	fork	7	135	4,3	hit	double
Sato, Teruaki	佐藤 輝明	left	HAN	2022-03-25	71728	shoot	3	146	4,3	hit	double
Sato, Teruaki	佐藤 輝明	left	HAN	2022-03-25	71728	shoot	2	143	4,3	out	throw-out
Sato, Teruaki	佐藤 輝明	left	HAN	2022-03-25	71728	cutter	3	142	2,3	out	fly-ball
Sato, Teruaki	佐藤 輝明	left	HAN	2022-03-26	71731	straight	4	150	2,2	strikeout	swinging
Sato, Teruaki	佐藤 輝明	left	HAN	2022-03-26	71731	straight	1	151	2,3	out	throw-out
Sato, Teruaki	佐藤 輝明	left	HAN	2022-03-26	71731	straight	2	143	2,1	out	fly-ball
Sato, Teruaki	佐藤 輝明	left	HAN	2022-03-26	71731	slider	2	137	4,2	out	throw-out
Sato, Teruaki	佐藤 輝明	left	HAN	2021-03-31	62708	slider	4	140	4,4	strikeout	swinging
Sato, Teruaki	佐藤 輝明	left	HAN	2021-03-31	62708	slider	8	140	3,4	strikeout	swinging
Sato, Teruaki	佐藤 輝明	left	HAN	2021-03-31	62708	curve	6	119	4,5	strikeout	swinging
Sato, Teruaki	佐藤 輝明	left	HAN	2021-03-31	62708	cutter	2	140	2,4	out	fly-ball
Sato, Teruaki	佐藤 輝明	left	HAN	2021-03-30	62705	curve	6	NA	2,5	strikeout	swinging
Sato, Teruaki	佐藤 輝明	left	HAN	2021-03-30	62705	straight	4	152	3,2	strikeout	swinging
Sato, Teruaki	佐藤 輝明	left	HAN	2021-03-30	62705	slider	4	130	4,2	hit	single
Sato, Teruaki	佐藤 輝明	left	HAN	2021-03-30	62705	fork	5	139	5,5	strikeout	swinging
Sato, Teruaki	佐藤 輝明	left	HAN	2021-03-28	62701	straight	3	145	3,3	out	fly-ball
Sato, Teruaki	佐藤 輝明	left	HAN	2021-03-28	62701	slider	5	127	2,5	strikeout	swinging
Sato, Teruaki	佐藤 輝明	left	HAN	2021-03-28	62701	shoot	4	146	3,1	out	fly-ball
Sato, Teruaki	佐藤 輝明	left	HAN	2021-03-28	62701	fork	4	130	4,2	strikeout	swinging
Sato, Teruaki	佐藤 輝明	left	HAN	2021-03-26	62695	straight	6	143	4,4	sacrifice	sacrifice-fly
Sato, Teruaki	佐藤 輝明	left	HAN	2021-03-26	62695	cutter	1	141	2,3	out	throw-out
Sato, Teruaki	佐藤 輝明	left	HAN	2021-03-26	62695	straight	3	149	4,2	out	fly-ball
Sato, Teruaki	佐藤 輝明	left	HAN	2021-03-26	62695	two-seam	3	127	3,5	strikeout	swinging
Sato, Teruaki	佐藤 輝明	left	HAN	2021-03-27	62698	slider	2	126	3,4	hit	home-run
Sato, Teruaki	佐藤 輝明	left	HAN	2021-03-27	62698	slider	7	131	4,5	walk	unintentional
Sato, Teruaki	佐藤 輝明	left	HAN	2021-03-27	62698	straight	5	144	3,3	strikeout	called
Sato, Teruaki	佐藤 輝明	left	HAN	2021-03-27	62698	cutter	7	131	4,3	hit	single
Sato, Teruaki	佐藤 輝明	left	HAN	2021-03-27	62698	fork	5	139	4,5	strikeout	called
Sato, Teruaki	佐藤 輝明	left	HAN	2021-04-22	62762	slider	7	126	3,3	out	fly-ball
Sato, Teruaki	佐藤 輝明	left	HAN	2021-04-22	62762	straight	1	145	4,3	hit	single
Sato, Teruaki	佐藤 輝明	left	HAN	2021-04-22	62762	slider	7	125	5,5	walk	unintentional
Sato, Teruaki	佐藤 輝明	left	HAN	2021-04-22	62762	shoot	2	147	2,2	hit	single
Sato, Teruaki	佐藤 輝明	left	HAN	2021-04-15	62746	straight	2	140	2,2	hit	double
Sato, Teruaki	佐藤 輝明	left	HAN	2021-04-15	62746	straight	3	NA	2,3	hit	home-run
Sato, Teruaki	佐藤 輝明	left	HAN	2021-04-15	62746	straight	3	159	4,2	strikeout	swinging
Sato, Teruaki	佐藤 輝明	left	HAN	2021-04-15	62746	straight	4	146	2,1	strikeout	swinging
Sato, Teruaki	佐藤 輝明	left	HAN	2021-04-23	62767	slider	5	NA	4,3	out	throw-out
Sato, Teruaki	佐藤 輝明	left	HAN	2021-04-23	62767	slider	6	129	3,5	strikeout	swinging
Sato, Teruaki	佐藤 輝明	left	HAN	2021-04-23	62767	fork	5	134	5,2	strikeout	swinging
Sato, Teruaki	佐藤 輝明	left	HAN	2021-04-23	62767	slider	5	126	3,4	hit	double
Sato, Teruaki	佐藤 輝明	left	HAN	2021-04-30	62785	two-seam	2	129	4,4	out	throw-out
Sato, Teruaki	佐藤 輝明	left	HAN	2021-04-30	62785	straight	2	142	4,3	hit	double
Sato, Teruaki	佐藤 輝明	left	HAN	2021-04-30	62785	two-seam	5	128	5,4	hit	single
Sato, Teruaki	佐藤 輝明	left	HAN	2021-04-30	62785	straight	5	NA	1,2	out	throw-out
Sato, Teruaki	佐藤 輝明	left	HAN	2021-04-24	62770	straight	4	146	1,3	hit	single
Sato, Teruaki	佐藤 輝明	left	HAN	2021-04-24	62770	slider	5	127	3,3	hit	single
Sato, Teruaki	佐藤 輝明	left	HAN	2021-04-24	62770	cutter	6	135	2,3	strikeout	called
Sato, Teruaki	佐藤 輝明	left	HAN	2021-04-24	62770	fork	4	130	3,3	hit	double
Sato, Teruaki	佐藤 輝明	left	HAN	2021-04-24	62770	slider	4	131	5,5	strikeout	swinging
Sato, Teruaki	佐藤 輝明	left	HAN	2021-04-25	62773	curve	5	112	3,2	hit	home-run
Sato, Teruaki	佐藤 輝明	left	HAN	2021-04-25	62773	straight	5	149	2,1	strikeout	swinging
Sato, Teruaki	佐藤 輝明	left	HAN	2021-04-25	62773	straight	1	154	3,4	out	throw-out
Sato, Teruaki	佐藤 輝明	left	HAN	2021-04-25	62773	two-seam	5	143	5,3	out	fly-ball
Sato, Teruaki	佐藤 輝明	left	HAN	2021-04-20	62756	straight	7	NA	4,2	strikeout	swinging
Sato, Teruaki	佐藤 輝明	left	HAN	2021-04-20	62756	straight	6	NA	1,5	walk	unintentional
Sato, Teruaki	佐藤 輝明	left	HAN	2021-04-20	62756	slider	4	119	5,5	strikeout	swinging
Sato, Teruaki	佐藤 輝明	left	HAN	2021-04-20	62756	straight	3	148	1,2	hit	single
Sato, Teruaki	佐藤 輝明	left	HAN	2021-04-20	62756	curve	4	119	5,5	strikeout	swinging
Sato, Teruaki	佐藤 輝明	left	HAN	2021-04-01	62711	straight	4	136	2,3	strikeout	swinging
Sato, Teruaki	佐藤 輝明	left	HAN	2021-04-01	62711	cutter	1	128	2,3	out	fly-ball
Sato, Teruaki	佐藤 輝明	left	HAN	2021-04-01	62711	change-up	4	128	3,3	hit	home-run
Sato, Teruaki	佐藤 輝明	left	HAN	2021-04-01	62711	fork	3	134	1,5	strikeout	swinging
Sato, Teruaki	佐藤 輝明	left	HAN	2021-04-02	62714	two-seam	4	144	4,4	out	throw-out
Sato, Teruaki	佐藤 輝明	left	HAN	2021-04-02	62714	slider	2	128	2,5	out	fly-ball
Sato, Teruaki	佐藤 輝明	left	HAN	2021-04-02	62714	two-seam	6	151	4,2	strikeout	swinging
Sato, Teruaki	佐藤 輝明	left	HAN	2021-04-02	62714	straight	4	146	2,3	out	fly-ball
Sato, Teruaki	佐藤 輝明	left	HAN	2021-04-03	62717	straight	5	142	2,2	strikeout	swinging
Sato, Teruaki	佐藤 輝明	left	HAN	2021-04-03	62717	sinker	1	133	4,2	out	throw-out
Sato, Teruaki	佐藤 輝明	left	HAN	2021-04-03	62717	sinker	4	128	5,4	strikeout	swinging
Sato, Teruaki	佐藤 輝明	left	HAN	2021-04-04	62720	straight	5	148	2,3	out	fly-ball
Sato, Teruaki	佐藤 輝明	left	HAN	2021-04-06	62723	straight	3	145	2,2	hit	single
Sato, Teruaki	佐藤 輝明	left	HAN	2021-04-06	62723	straight	4	NA	2,3	strikeout	called
Sato, Teruaki	佐藤 輝明	left	HAN	2021-04-06	62723	cutter	6	134	4,4	strikeout	swinging
Sato, Teruaki	佐藤 輝明	left	HAN	2021-04-06	62723	slider	3	140	3,3	out	fly-ball
Sato, Teruaki	佐藤 輝明	left	HAN	2021-04-07	62726	straight	2	146	2,3	out	fly-ball
Sato, Teruaki	佐藤 輝明	left	HAN	2021-04-07	62726	cutter	1	135	2,2	hit	single
Sato, Teruaki	佐藤 輝明	left	HAN	2021-04-07	62726	change-up	2	128	4,2	hit	single
Sato, Teruaki	佐藤 輝明	left	HAN	2021-04-07	62726	straight	7	NA	2,2	strikeout	swinging
Sato, Teruaki	佐藤 輝明	left	HAN	2021-04-08	62729	straight	5	146	3,5	strikeout	swinging
Sato, Teruaki	佐藤 輝明	left	HAN	2021-04-08	62729	straight	5	144	2,4	out	fly-ball-line-drive
Sato, Teruaki	佐藤 輝明	left	HAN	2021-04-08	62729	slider	6	121	2,1	out	fly-ball
Sato, Teruaki	佐藤 輝明	left	HAN	2021-04-08	62729	change-up	4	141	5,2	strikeout	swinging
Sato, Teruaki	佐藤 輝明	left	HAN	2021-04-09	62730	straight	1	143	2,3	hit	single
Sato, Teruaki	佐藤 輝明	left	HAN	2021-04-09	62730	straight	5	NA	3,3	out	other-out
Sato, Teruaki	佐藤 輝明	left	HAN	2021-04-09	62730	cutter	3	NA	3,3	hit	home-run
Sato, Teruaki	佐藤 輝明	left	HAN	2021-04-09	62730	straight	4	149	2,1	strikeout	swinging
Sato, Teruaki	佐藤 輝明	left	HAN	2021-04-09	62730	sinker	2	135	4,4	out	fly-ball
Sato, Teruaki	佐藤 輝明	left	HAN	2021-04-10	62732	straight	4	144	2,1	strikeout	swinging
Sato, Teruaki	佐藤 輝明	left	HAN	2021-04-10	62732	straight	2	144	2,2	out	fly-ball
Sato, Teruaki	佐藤 輝明	left	HAN	2021-04-10	62732	straight	1	143	2,2	out	fly-ball
Sato, Teruaki	佐藤 輝明	left	HAN	2021-04-10	62732	straight	5	146	2,2	hit	single
Sato, Teruaki	佐藤 輝明	left	HAN	2021-04-11	62735	straight	5	149	2,2	out	fly-ball
Sato, Teruaki	佐藤 輝明	left	HAN	2021-04-11	62735	straight	6	149	3,3	hit	double
Sato, Teruaki	佐藤 輝明	left	HAN	2021-04-11	62735	slider	5	130	4,4	out	fly-ball
Sato, Teruaki	佐藤 輝明	left	HAN	2021-04-11	62735	straight	5	149	4,1	strikeout	swinging
Sato, Teruaki	佐藤 輝明	left	HAN	2021-04-14	62743	curve	5	112	5,3	walk	unintentional
Sato, Teruaki	佐藤 輝明	left	HAN	2021-04-14	62743	curve	3	113	3,3	hit	home-run
Sato, Teruaki	佐藤 輝明	left	HAN	2021-04-14	62743	change-up	3	129	4,2	out	throw-out
Sato, Teruaki	佐藤 輝明	left	HAN	2021-04-14	62743	straight	4	150	4,3	hit	single
Sato, Teruaki	佐藤 輝明	left	HAN	2021-04-16	62749	slider	3	121	3,5	strikeout	swinging
Sato, Teruaki	佐藤 輝明	left	HAN	2021-04-16	62749	sinker	3	122	4,5	strikeout	swinging
Sato, Teruaki	佐藤 輝明	left	HAN	2021-04-16	62749	slider	6	131	5,5	strikeout	swinging
Sato, Teruaki	佐藤 輝明	left	HAN	2021-04-18	62755	straight	5	NA	4,1	strikeout	swinging
Sato, Teruaki	佐藤 輝明	left	HAN	2021-04-18	62755	nuckle-curve	3	123	3,4	out	throw-out
Sato, Teruaki	佐藤 輝明	left	HAN	2021-04-18	62755	straight	2	145	2,4	out	fly-ball
Sato, Teruaki	佐藤 輝明	left	HAN	2021-04-18	62755	straight	5	147	2,4	out	fly-ball
Sato, Teruaki	佐藤 輝明	left	HAN	2021-04-21	62759	straight	7	148	3,2	strikeout	swinging
Sato, Teruaki	佐藤 輝明	left	HAN	2021-04-21	62759	change-up	5	125	2,4	strikeout	swinging
Sato, Teruaki	佐藤 輝明	left	HAN	2021-04-21	62759	curve	4	118	4,3	out	throw-out
Sato, Teruaki	佐藤 輝明	left	HAN	2021-04-21	62759	two-seam	6	159	2,5	strikeout	swinging
Sato, Teruaki	佐藤 輝明	left	HAN	2021-04-27	62775	cutter	3	135	3,2	hit	home-run
Sato, Teruaki	佐藤 輝明	left	HAN	2021-04-27	62775	straight	3	143	3,3	out	fly-ball
Sato, Teruaki	佐藤 輝明	left	HAN	2021-04-27	62775	straight	6	148	5,5	walk	unintentional
Sato, Teruaki	佐藤 輝明	left	HAN	2021-04-28	62778	straight	2	138	3,4	out	throw-out
Sato, Teruaki	佐藤 輝明	left	HAN	2021-04-28	62778	straight	4	143	5,2	walk	unintentional
Sato, Teruaki	佐藤 輝明	left	HAN	2021-04-28	62778	straight	2	142	2,2	out	fly-ball
Sato, Teruaki	佐藤 輝明	left	HAN	2021-04-28	62778	split-finger	3	145	3,5	strikeout	swinging
Sato, Teruaki	佐藤 輝明	left	HAN	2021-04-29	62781	straight	1	147	2,2	out	fly-ball
Sato, Teruaki	佐藤 輝明	left	HAN	2021-04-29	62781	fork	6	137	3,5	strikeout	swinging
Sato, Teruaki	佐藤 輝明	left	HAN	2021-04-29	62781	fork	7	137	4,3	out	throw-out
Sato, Teruaki	佐藤 輝明	left	HAN	2021-04-29	62781	two-seam	5	149	5,4	walk	unintentional
Sato, Teruaki	佐藤 輝明	left	HAN	2021-05-25	62847	straight	2	138	2,3	out	fly-ball
Sato, Teruaki	佐藤 輝明	left	HAN	2021-05-25	62847	straight	1	138	2,3	out	fly-ball
Sato, Teruaki	佐藤 輝明	left	HAN	2021-05-25	62847	fork	1	135	4,3	error	fielder
Sato, Teruaki	佐藤 輝明	left	HAN	2021-05-25	62847	straight	6	149	2,2	out	fly-ball
Sato, Teruaki	佐藤 輝明	left	HAN	2021-05-02	62791	change-up	6	128	4,4	strikeout	swinging
Sato, Teruaki	佐藤 輝明	left	HAN	2021-05-02	62791	change-up	6	127	4,4	out	throw-out
Sato, Teruaki	佐藤 輝明	left	HAN	2021-05-02	62791	change-up	5	129	3,5	hit	home-run
Sato, Teruaki	佐藤 輝明	left	HAN	2021-05-02	62791	straight	5	159	2,3	hit	single
Sato, Teruaki	佐藤 輝明	left	HAN	2021-05-02	62791	straight	1	141	1,5	out	fly-ball
Sato, Teruaki	佐藤 輝明	left	HAN	2021-05-04	62795	two-seam	2	136	2,3	hit	single
Sato, Teruaki	佐藤 輝明	left	HAN	2021-05-04	62795	slider	3	130	4,4	out	throw-out
Sato, Teruaki	佐藤 輝明	left	HAN	2021-05-04	62795	straight	5	144	4,2	strikeout	called
Sato, Teruaki	佐藤 輝明	left	HAN	2021-05-04	62795	straight	3	141	1,1	hit-by-pitch	NA
Sato, Teruaki	佐藤 輝明	left	HAN	2021-05-04	62795	fork	3	131	4,4	hit	home-run
Sato, Teruaki	佐藤 輝明	left	HAN	2021-05-05	62798	straight	5	146	1,2	strikeout	swinging
Sato, Teruaki	佐藤 輝明	left	HAN	2021-05-05	62798	straight	3	146	2,1	out	fly-ball
Sato, Teruaki	佐藤 輝明	left	HAN	2021-05-05	62798	straight	6	NA	2,4	hit	single
Sato, Teruaki	佐藤 輝明	left	HAN	2021-05-07	62802	fork	2	131	3,3	out	fly-ball
Sato, Teruaki	佐藤 輝明	left	HAN	2021-05-07	62802	straight	5	145	2,2	hit	home-run
Sato, Teruaki	佐藤 輝明	left	HAN	2021-05-07	62802	slider	2	139	4,4	out	throw-out
Sato, Teruaki	佐藤 輝明	left	HAN	2021-05-07	62802	NA	0	NA	NA	walk	intentional
Sato, Teruaki	佐藤 輝明	left	HAN	2021-05-07	62802	change-up	5	135	3,2	strikeout	swinging
Sato, Teruaki	佐藤 輝明	left	HAN	2021-05-08	62804	change-up	2	138	4,2	out	fly-ball
Sato, Teruaki	佐藤 輝明	left	HAN	2021-05-08	62804	two-seam	3	151	4,3	hit	single
Sato, Teruaki	佐藤 輝明	left	HAN	2021-05-08	62804	two-seam	2	148	3,3	hit	single
Sato, Teruaki	佐藤 輝明	left	HAN	2021-05-08	62804	slider	4	122	5,5	walk	unintentional
Sato, Teruaki	佐藤 輝明	left	HAN	2021-05-09	62807	two-seam	3	143	4,5	out	fly-ball
Sato, Teruaki	佐藤 輝明	left	HAN	2021-05-09	62807	two-seam	5	139	4,5	walk	unintentional
Sato, Teruaki	佐藤 輝明	left	HAN	2021-05-09	62807	two-seam	4	156	2,4	out	fly-ball-line-drive
Sato, Teruaki	佐藤 輝明	left	HAN	2021-05-09	62807	straight	5	152	3,1	strikeout	swinging
Sato, Teruaki	佐藤 輝明	left	HAN	2021-05-11	62811	straight	5	147	2,2	strikeout	swinging
Sato, Teruaki	佐藤 輝明	left	HAN	2021-05-11	62811	straight	5	146	1,2	hit	double
Sato, Teruaki	佐藤 輝明	left	HAN	2021-05-11	62811	straight	6	NA	5,4	walk	unintentional
Sato, Teruaki	佐藤 輝明	left	HAN	2021-05-11	62811	cutter	4	146	4,3	strikeout	swinging
Sato, Teruaki	佐藤 輝明	left	HAN	2021-05-13	62816	straight	3	NA	2,4	out	throw-out
Sato, Teruaki	佐藤 輝明	left	HAN	2021-05-13	62816	slider	6	137	2,4	strikeout	swinging
Sato, Teruaki	佐藤 輝明	left	HAN	2021-05-13	62816	slider	3	133	2,3	hit	single
Sato, Teruaki	佐藤 輝明	left	HAN	2021-05-13	62816	straight	2	146	3,2	out	fly-ball
Sato, Teruaki	佐藤 輝明	left	HAN	2021-05-14	62817	straight	2	146	2,3	out	fly-ball
Sato, Teruaki	佐藤 輝明	left	HAN	2021-05-14	62817	cutter	1	137	3,4	hit	double
Sato, Teruaki	佐藤 輝明	left	HAN	2021-05-14	62817	straight	2	146	2,3	out	fly-ball
Sato, Teruaki	佐藤 輝明	left	HAN	2021-05-14	62817	slider	4	130	5,5	strikeout	swinging
Sato, Teruaki	佐藤 輝明	left	HAN	2021-05-28	62863	fork	5	141	4,3	hit	home-run
Sato, Teruaki	佐藤 輝明	left	HAN	2021-05-28	62863	slider	4	131	1,5	strikeout	swinging
Sato, Teruaki	佐藤 輝明	left	HAN	2021-05-28	62863	straight	2	144	2,3	hit	home-run
Sato, Teruaki	佐藤 輝明	left	HAN	2021-05-28	62863	straight	4	153	4,1	strikeout	swinging
Sato, Teruaki	佐藤 輝明	left	HAN	2021-05-28	62863	straight	4	154	4,2	hit	home-run
Sato, Teruaki	佐藤 輝明	left	HAN	2021-05-30	62875	cutter	8	143	4,3	out	fly-ball
Sato, Teruaki	佐藤 輝明	left	HAN	2021-05-30	62875	slider	4	134	2,4	out	fly-ball
Sato, Teruaki	佐藤 輝明	left	HAN	2021-05-30	62875	straight	7	125	3,1	strikeout	swinging
Sato, Teruaki	佐藤 輝明	left	HAN	2021-05-30	62875	slider	3	138	2,3	hit	single
Sato, Teruaki	佐藤 輝明	left	HAN	2021-05-30	62875	straight	5	155	4,4	strikeout	swinging
Sato, Teruaki	佐藤 輝明	left	HAN	2021-05-26	62853	slider	2	NA	1,3	hit	single
Sato, Teruaki	佐藤 輝明	left	HAN	2021-05-26	62853	straight	3	146	2,2	strikeout	swinging
Sato, Teruaki	佐藤 輝明	left	HAN	2021-05-26	62853	straight	1	148	2,3	hit	double
Sato, Teruaki	佐藤 輝明	left	HAN	2021-05-29	62869	change-up	5	137	3,4	out	throw-out
Sato, Teruaki	佐藤 輝明	left	HAN	2021-05-29	62869	change-up	1	138	4,3	out	throw-out
Sato, Teruaki	佐藤 輝明	left	HAN	2021-05-29	62869	curve	4	135	1,5	strikeout	swinging
Sato, Teruaki	佐藤 輝明	left	HAN	2021-05-29	62869	straight	3	155	3,3	strikeout	swinging
Sato, Teruaki	佐藤 輝明	left	HAN	2021-05-15	62820	split-finger	5	141	4,5	hit	double
Sato, Teruaki	佐藤 輝明	left	HAN	2021-05-15	62820	curve	5	135	4,4	hit	double
Sato, Teruaki	佐藤 輝明	left	HAN	2021-05-15	62820	straight	2	148	2,3	out	fly-ball
Sato, Teruaki	佐藤 輝明	left	HAN	2021-05-15	62820	slider	2	127	3,3	hit	double
Sato, Teruaki	佐藤 輝明	left	HAN	2021-05-16	62823	cutter	2	127	3,3	out	throw-out
Sato, Teruaki	佐藤 輝明	left	HAN	2021-05-16	62823	fork	7	NA	4,5	strikeout	swinging
Sato, Teruaki	佐藤 輝明	left	HAN	2021-05-16	62823	straight	4	147	4,1	strikeout	swinging
Sato, Teruaki	佐藤 輝明	left	HAN	2021-05-16	62823	curve	3	111	4,3	strikeout	swinging
Sato, Teruaki	佐藤 輝明	left	HAN	2021-05-18	62828	straight	4	NA	4,2	strikeout	swinging
Sato, Teruaki	佐藤 輝明	left	HAN	2021-05-18	62828	straight	5	151	4,1	strikeout	swinging
Sato, Teruaki	佐藤 輝明	left	HAN	2021-05-18	62828	change-up	1	125	2,4	hit	single
Sato, Teruaki	佐藤 輝明	left	HAN	2021-05-18	62828	slider	4	127	5,3	strikeout	swinging
Sato, Teruaki	佐藤 輝明	left	HAN	2021-05-19	62831	two-seam	1	141	2,3	out	fly-ball
Sato, Teruaki	佐藤 輝明	left	HAN	2021-05-19	62831	slider	3	129	5,5	strikeout	swinging
Sato, Teruaki	佐藤 輝明	left	HAN	2021-05-19	62831	slider	4	131	5,5	strikeout	swinging
Sato, Teruaki	佐藤 輝明	left	HAN	2021-05-19	62831	straight	2	146	2,2	out	fly-ball
Sato, Teruaki	佐藤 輝明	left	HAN	2021-05-27	62859	straight	4	152	2,4	hit	single
Sato, Teruaki	佐藤 輝明	left	HAN	2021-05-27	62859	straight	2	151	2,3	out	fly-ball
Sato, Teruaki	佐藤 輝明	left	HAN	2021-05-27	62859	NA	0	NA	NA	walk	intentional
Sato, Teruaki	佐藤 輝明	left	HAN	2021-05-27	62859	cutter	1	NA	3,1	strikeout	swinging
Sato, Teruaki	佐藤 輝明	left	HAN	2021-10-26	71425	straight	5	147	4,2	strikeout	swinging
Sato, Teruaki	佐藤 輝明	left	HAN	2021-10-26	71425	straight	4	147	3,3	strikeout	swinging
Sato, Teruaki	佐藤 輝明	left	HAN	2021-10-26	71425	straight	7	NA	2,1	out	fly-ball
Sato, Teruaki	佐藤 輝明	left	HAN	2021-10-21	71051	slider	6	127	2,3	out	throw-out
Sato, Teruaki	佐藤 輝明	left	HAN	2021-10-21	71051	cutter	5	141	3,4	out	fly-ball
Sato, Teruaki	佐藤 輝明	left	HAN	2021-10-14	63170	straight	8	149	4,4	strikeout	swinging
Sato, Teruaki	佐藤 輝明	left	HAN	2021-10-17	68527	fork	5	138	3,5	strikeout	swinging
Sato, Teruaki	佐藤 輝明	left	HAN	2021-10-18	68528	slider	2	126	3,3	hit	double
Sato, Teruaki	佐藤 輝明	left	HAN	2021-10-18	68528	change-up	4	130	3,5	strikeout	swinging
Sato, Teruaki	佐藤 輝明	left	HAN	2021-10-23	68539	straight	7	147	2,3	strikeout	swinging
Sato, Teruaki	佐藤 輝明	left	HAN	2021-10-23	68539	change-up	9	130	3,5	strikeout	swinging
Sato, Teruaki	佐藤 輝明	left	HAN	2021-10-23	68539	straight	1	149	2,4	hit	single
Sato, Teruaki	佐藤 輝明	left	HAN	2021-10-24	68541	straight	5	140	2,2	hit	home-run
Sato, Teruaki	佐藤 輝明	left	HAN	2021-10-24	68541	two-seam	8	130	4,4	out	fly-ball
Sato, Teruaki	佐藤 輝明	left	HAN	2021-10-24	68541	straight	6	137	5,5	walk	unintentional
Sato, Teruaki	佐藤 輝明	left	HAN	2021-10-24	68541	curve	7	119	3,4	hit	single
Sato, Teruaki	佐藤 輝明	left	HAN	2021-10-19	68530	fork	4	138	3,5	strikeout	swinging
Sato, Teruaki	佐藤 輝明	left	HAN	2021-10-01	63138	slider	5	134	4,4	out	throw-out
Sato, Teruaki	佐藤 輝明	left	HAN	2021-10-03	63144	straight	5	146	4,3	strikeout	swinging
Sato, Teruaki	佐藤 輝明	left	HAN	2021-10-03	63144	curve	2	116	3,4	out	throw-out
Sato, Teruaki	佐藤 輝明	left	HAN	2021-10-03	63144	straight	3	145	4,3	strikeout	swinging
Sato, Teruaki	佐藤 輝明	left	HAN	2021-10-03	63144	slider	2	138	3,3	out	fly-ball
Sato, Teruaki	佐藤 輝明	left	HAN	2021-10-05	63147	cutter	5	133	3,4	hit	single
Sato, Teruaki	佐藤 輝明	left	HAN	2021-10-05	63147	straight	2	143	2,2	out	fly-ball
Sato, Teruaki	佐藤 輝明	left	HAN	2021-10-05	63147	straight	4	149	3,1	walk	unintentional
Sato, Teruaki	佐藤 輝明	left	HAN	2021-10-05	63147	straight	2	145	2,1	out	fly-ball
Sato, Teruaki	佐藤 輝明	left	HAN	2021-10-06	63150	straight	6	146	2,4	strikeout	called
Sato, Teruaki	佐藤 輝明	left	HAN	2021-10-06	63150	straight	3	145	2,2	out	fly-ball
Sato, Teruaki	佐藤 輝明	left	HAN	2021-10-06	63150	slider	5	129	3,5	strikeout	swinging
Sato, Teruaki	佐藤 輝明	left	HAN	2021-10-10	63161	straight	5	133	2,3	out	fly-ball
Sato, Teruaki	佐藤 輝明	left	HAN	2021-10-10	63161	cutter	4	125	5,4	strikeout	swinging
Sato, Teruaki	佐藤 輝明	left	HAN	2021-10-10	63161	straight	1	NA	2,4	out	fly-ball
Sato, Teruaki	佐藤 輝明	left	HAN	2021-10-12	63164	straight	2	144	3,2	hit	single
Sato, Teruaki	佐藤 輝明	left	HAN	2021-10-12	63164	curve	7	124	5,4	strikeout	swinging
Sato, Teruaki	佐藤 輝明	left	HAN	2021-10-12	63164	change-up	3	124	2,5	strikeout	swinging
Sato, Teruaki	佐藤 輝明	left	HAN	2021-10-12	63164	slider	5	130	3,3	out	fly-ball
Sato, Teruaki	佐藤 輝明	left	HAN	2021-10-13	63167	cutter	6	142	2,2	out	throw-out
Sato, Teruaki	佐藤 輝明	left	HAN	2021-08-29	63060	straight	7	151	3,1	strikeout	swinging
Sato, Teruaki	佐藤 輝明	left	HAN	2021-08-26	63051	slider	3	126	4,3	out	fly-ball
Sato, Teruaki	佐藤 輝明	left	HAN	2021-08-26	63051	change-up	3	127	4,3	sacrifice	sacrifice-fly
Sato, Teruaki	佐藤 輝明	left	HAN	2021-08-26	63051	cutter	2	136	4,2	out	throw-out
Sato, Teruaki	佐藤 輝明	left	HAN	2021-08-26	63051	NA	0	NA	NA	walk	intentional
Sato, Teruaki	佐藤 輝明	left	HAN	2021-08-31	63063	straight	7	NA	4,2	strikeout	swinging
Sato, Teruaki	佐藤 輝明	left	HAN	2021-08-25	63049	straight	4	149	4,4	strikeout	called
Sato, Teruaki	佐藤 輝明	left	HAN	2021-08-25	63049	split-finger	5	136	3,3	out	throw-out
Sato, Teruaki	佐藤 輝明	left	HAN	2021-08-25	63049	split-finger	3	140	4,2	strikeout	swinging
Sato, Teruaki	佐藤 輝明	left	HAN	2021-08-25	63049	fork	3	140	3,5	strikeout	swinging
Sato, Teruaki	佐藤 輝明	left	HAN	2021-08-28	63057	cutter	4	135	4,2	out	fly-ball
Sato, Teruaki	佐藤 輝明	left	HAN	2021-08-28	63057	straight	7	136	1,1	walk	unintentional
Sato, Teruaki	佐藤 輝明	left	HAN	2021-08-28	63057	slider	4	134	3,5	strikeout	swinging
Sato, Teruaki	佐藤 輝明	left	HAN	2021-08-28	63057	straight	5	149	2,3	strikeout	called
Sato, Teruaki	佐藤 輝明	left	HAN	2021-08-24	63046	fork	4	139	2,5	strikeout	swinging
Sato, Teruaki	佐藤 輝明	left	HAN	2021-08-24	63046	fork	5	138	2,4	out	throw-out
Sato, Teruaki	佐藤 輝明	left	HAN	2021-08-24	63046	cutter	5	139	1,2	walk	unintentional
Sato, Teruaki	佐藤 輝明	left	HAN	2021-08-24	63046	cutter	3	145	2,5	strikeout	swinging
Sato, Teruaki	佐藤 輝明	left	HAN	2021-08-27	63054	straight	5	147	2,1	strikeout	swinging
Sato, Teruaki	佐藤 輝明	left	HAN	2021-08-27	63054	slider	7	124	3,3	strikeout	swinging
Sato, Teruaki	佐藤 輝明	left	HAN	2021-08-27	63054	fork	3	135	4,5	strikeout	swinging
Sato, Teruaki	佐藤 輝明	left	HAN	2021-08-27	63054	straight	2	156	2,3	out	fly-ball
Sato, Teruaki	佐藤 輝明	left	HAN	2021-08-13	63020	cutter	5	141	4,4	strikeout	called
Sato, Teruaki	佐藤 輝明	left	HAN	2021-08-13	63020	cutter	3	139	2,4	hit	double
Sato, Teruaki	佐藤 輝明	left	HAN	2021-08-13	63020	change-up	5	137	4,4	hit	single
Sato, Teruaki	佐藤 輝明	left	HAN	2021-08-13	63020	straight	5	150	4,4	hit	double
Sato, Teruaki	佐藤 輝明	left	HAN	2021-08-14	63023	straight	2	144	3,1	out	fly-ball
Sato, Teruaki	佐藤 輝明	left	HAN	2021-08-14	63023	change-up	1	134	4,4	out	fly-ball
Sato, Teruaki	佐藤 輝明	left	HAN	2021-08-14	63023	change-up	3	128	2,5	strikeout	swinging
Sato, Teruaki	佐藤 輝明	left	HAN	2021-08-14	63023	straight	3	148	3,3	out	throw-out
Sato, Teruaki	佐藤 輝明	left	HAN	2021-08-14	63023	straight	6	148	2,1	hit	double
Sato, Teruaki	佐藤 輝明	left	HAN	2021-08-15	63026	straight	6	142	3,1	out	throw-out
Sato, Teruaki	佐藤 輝明	left	HAN	2021-08-15	63026	straight	4	142	2,3	out	fly-ball
Sato, Teruaki	佐藤 輝明	left	HAN	2021-08-15	63026	straight	5	150	2,1	strikeout	swinging
Sato, Teruaki	佐藤 輝明	left	HAN	2021-08-15	63026	fork	4	131	3,5	strikeout	swinging
Sato, Teruaki	佐藤 輝明	left	HAN	2021-08-17	63028	change-up	5	127	4,2	hit	single
Sato, Teruaki	佐藤 輝明	left	HAN	2021-08-17	63028	straight	6	141	2,2	hit	home-run
Sato, Teruaki	佐藤 輝明	left	HAN	2021-08-17	63028	straight	3	137	2,4	hit	home-run
Sato, Teruaki	佐藤 輝明	left	HAN	2021-08-17	63028	two-seam	1	148	2,3	out	throw-out
Sato, Teruaki	佐藤 輝明	left	HAN	2021-08-17	63028	nuckle-curve	4	126	3,5	strikeout	swinging
Sato, Teruaki	佐藤 輝明	left	HAN	2021-08-18	63031	split-finger	7	141	3,3	out	throw-out
Sato, Teruaki	佐藤 輝明	left	HAN	2021-08-18	63031	straight	3	146	2,3	out	fly-ball
Sato, Teruaki	佐藤 輝明	left	HAN	2021-08-18	63031	slider	5	130	3,3	hit	single
Sato, Teruaki	佐藤 輝明	left	HAN	2021-08-18	63031	two-seam	3	154	1,2	walk	unintentional
Sato, Teruaki	佐藤 輝明	left	HAN	2021-08-18	63031	straight	4	135	3,4	hit	single
Sato, Teruaki	佐藤 輝明	left	HAN	2021-08-19	63033	straight	5	145	2,1	strikeout	swinging
Sato, Teruaki	佐藤 輝明	left	HAN	2021-08-19	63033	straight	6	142	2,3	hit	single
Sato, Teruaki	佐藤 輝明	left	HAN	2021-08-19	63033	two-seam	1	153	1,4	hit-by-pitch	NA
Sato, Teruaki	佐藤 輝明	left	HAN	2021-08-19	63033	straight	4	156	3,4	hit	home-run
Sato, Teruaki	佐藤 輝明	left	HAN	2021-08-20	63036	change-up	5	129	4,3	out	fly-ball
Sato, Teruaki	佐藤 輝明	left	HAN	2021-08-20	63036	straight	5	144	3,2	out	fly-ball
Sato, Teruaki	佐藤 輝明	left	HAN	2021-08-20	63036	change-up	6	130	3,2	strikeout	swinging
Sato, Teruaki	佐藤 輝明	left	HAN	2021-08-21	63039	slider	6	132	1,5	strikeout	swinging
Sato, Teruaki	佐藤 輝明	left	HAN	2021-08-21	63039	split-finger	4	142	4,5	strikeout	swinging
Sato, Teruaki	佐藤 輝明	left	HAN	2021-08-21	63039	cutter	2	133	3,3	out	fly-ball
Sato, Teruaki	佐藤 輝明	left	HAN	2021-08-21	63039	cutter	4	143	2,2	hit	single
Sato, Teruaki	佐藤 輝明	left	HAN	2021-08-22	63042	straight	1	141	3,4	out	fly-ball
Sato, Teruaki	佐藤 輝明	left	HAN	2021-08-22	63042	change-up	1	127	3,5	out	throw-out
Sato, Teruaki	佐藤 輝明	left	HAN	2021-08-22	63042	change-up	6	127	4,4	strikeout	swinging
Sato, Teruaki	佐藤 輝明	left	HAN	2021-08-22	63042	straight	4	145	2,5	out	throw-out
Sato, Teruaki	佐藤 輝明	left	HAN	2021-09-03	63072	fork	4	133	4,5	strikeout	swinging
Sato, Teruaki	佐藤 輝明	left	HAN	2021-09-04	63075	straight	3	NA	2,4	out	fly-ball
Sato, Teruaki	佐藤 輝明	left	HAN	2021-09-04	63075	straight	5	142	2,2	strikeout	swinging
Sato, Teruaki	佐藤 輝明	left	HAN	2021-09-04	63075	straight	4	154	2,1	strikeout	swinging
Sato, Teruaki	佐藤 輝明	left	HAN	2021-09-05	63078	curve	5	119	3,5	strikeout	swinging
Sato, Teruaki	佐藤 輝明	left	HAN	2021-09-05	63078	straight	6	143	2,4	strikeout	called
Sato, Teruaki	佐藤 輝明	left	HAN	2021-09-09	63086	slider	4	117	5,5	strikeout	swinging
Sato, Teruaki	佐藤 輝明	left	HAN	2021-09-09	63086	straight	4	150	2,1	strikeout	swinging
Sato, Teruaki	佐藤 輝明	left	HAN	2021-09-23	63117	straight	4	138	3,1	strikeout	swinging
Sato, Teruaki	佐藤 輝明	left	HAN	2021-09-23	63117	cutter	4	132	3,3	out	throw-out
Sato, Teruaki	佐藤 輝明	left	HAN	2021-09-23	63117	straight	4	144	3,1	out	fly-ball
Sato, Teruaki	佐藤 輝明	left	HAN	2021-09-23	63117	straight	6	142	3,4	strikeout	called
Sato, Teruaki	佐藤 輝明	left	HAN	2021-09-24	63119	slider	6	125	3,4	out	fly-ball
Sato, Teruaki	佐藤 輝明	left	HAN	2021-09-24	63119	curve	6	120	3,3	strikeout	swinging
Sato, Teruaki	佐藤 輝明	left	HAN	2021-09-24	63119	straight	3	150	3,1	out	fly-ball
Sato, Teruaki	佐藤 輝明	left	HAN	2021-09-25	63122	straight	6	151	1,3	walk	unintentional
Sato, Teruaki	佐藤 輝明	left	HAN	2021-09-25	63122	fork	4	139	4,5	strikeout	swinging
Sato, Teruaki	佐藤 輝明	left	HAN	2021-09-25	63122	fork	6	142	4,3	out	throw-out
Sato, Teruaki	佐藤 輝明	left	HAN	2021-09-25	63122	straight	4	145	4,4	strikeout	called
Sato, Teruaki	佐藤 輝明	left	HAN	2021-09-26	63125	fork	8	131	5,3	walk	unintentional
Sato, Teruaki	佐藤 輝明	left	HAN	2021-09-26	63125	slider	3	125	2,3	out	throw-out
Sato, Teruaki	佐藤 輝明	left	HAN	2021-09-26	63125	straight	4	144	1,2	walk	unintentional
Sato, Teruaki	佐藤 輝明	left	HAN	2021-09-26	63125	straight	4	157	3,3	out	fly-ball
Sato, Teruaki	佐藤 輝明	left	HAN	2021-09-28	63130	straight	3	148	4,4	strikeout	called
Sato, Teruaki	佐藤 輝明	left	HAN	2021-09-28	63130	two-seam	4	144	2,5	out	throw-out
Sato, Teruaki	佐藤 輝明	left	HAN	2021-09-28	63130	straight	4	155	3,1	strikeout	swinging
Sato, Teruaki	佐藤 輝明	left	HAN	2021-09-29	63133	straight	2	142	3,2	out	fly-ball
Sato, Teruaki	佐藤 輝明	left	HAN	2021-09-01	63066	straight	4	145	4,3	strikeout	swinging
Sato, Teruaki	佐藤 輝明	left	HAN	2021-06-11	62934	sinker	3	129	5,3	out	fly-ball
Sato, Teruaki	佐藤 輝明	left	HAN	2021-06-11	62934	straight	4	140	3,5	walk	unintentional
Sato, Teruaki	佐藤 輝明	left	HAN	2021-06-11	62934	sinker	6	127	3,4	hit	single
Sato, Teruaki	佐藤 輝明	left	HAN	2021-06-11	62934	straight	6	148	4,1	strikeout	swinging
Sato, Teruaki	佐藤 輝明	left	HAN	2021-06-12	62940	straight	4	146	2,1	out	fly-ball
Sato, Teruaki	佐藤 輝明	left	HAN	2021-06-12	62940	straight	3	147	3,4	hit	single
Sato, Teruaki	佐藤 輝明	left	HAN	2021-06-12	62940	slider	3	135	2,4	hit	home-run
Sato, Teruaki	佐藤 輝明	left	HAN	2021-06-12	62940	straight	7	147	4,2	hit	single
Sato, Teruaki	佐藤 輝明	left	HAN	2021-06-12	62940	straight	4	147	1,1	hit-by-pitch	NA
Sato, Teruaki	佐藤 輝明	left	HAN	2021-06-27	62975	split-finger	4	140	4,5	strikeout	swinging
Sato, Teruaki	佐藤 輝明	left	HAN	2021-06-27	62975	split-finger	2	136	4,2	out	throw-out
Sato, Teruaki	佐藤 輝明	left	HAN	2021-06-27	62975	split-finger	5	137	3,2	out	fly-ball
Sato, Teruaki	佐藤 輝明	left	HAN	2021-06-27	62975	straight	4	147	2,4	hit	double
Sato, Teruaki	佐藤 輝明	left	HAN	2021-06-13	62946	cutter	3	135	4,4	out	fly-ball
Sato, Teruaki	佐藤 輝明	left	HAN	2021-06-13	62946	straight	4	144	4,2	strikeout	swinging
Sato, Teruaki	佐藤 輝明	left	HAN	2021-06-13	62946	straight	5	143	1,2	out	throw-out
Sato, Teruaki	佐藤 輝明	left	HAN	2021-06-13	62946	slider	3	136	2,5	strikeout	swinging
Sato, Teruaki	佐藤 輝明	left	HAN	2021-06-18	62953	slider	2	128	4,4	hit	double
Sato, Teruaki	佐藤 輝明	left	HAN	2021-06-18	62953	straight	4	144	4,3	hit	single
Sato, Teruaki	佐藤 輝明	left	HAN	2021-06-18	62953	straight	3	150	2,2	out	fly-ball
Sato, Teruaki	佐藤 輝明	left	HAN	2021-06-18	62953	straight	5	NA	2,2	out	fly-ball
Sato, Teruaki	佐藤 輝明	left	HAN	2021-06-19	62956	slider	3	130	1,4	strikeout	swinging
Sato, Teruaki	佐藤 輝明	left	HAN	2021-06-19	62956	slider	2	135	2,3	out	throw-out
Sato, Teruaki	佐藤 輝明	left	HAN	2021-06-19	62956	slider	6	138	3,2	hit	home-run
Sato, Teruaki	佐藤 輝明	left	HAN	2021-06-19	62956	straight	5	159	5,1	strikeout	swinging
Sato, Teruaki	佐藤 輝明	left	HAN	2021-06-20	62959	straight	7	145	1,3	out	fly-ball
Sato, Teruaki	佐藤 輝明	left	HAN	2021-06-20	62959	straight	1	144	2,4	hit	single
Sato, Teruaki	佐藤 輝明	left	HAN	2021-06-20	62959	straight	1	152	4,4	hit	home-run
Sato, Teruaki	佐藤 輝明	left	HAN	2021-06-20	62959	straight	4	144	3,5	walk	unintentional
Sato, Teruaki	佐藤 輝明	left	HAN	2021-06-22	62961	straight	4	145	2,3	hit	double
Sato, Teruaki	佐藤 輝明	left	HAN	2021-06-22	62961	cutter	5	137	5,4	out	throw-out
Sato, Teruaki	佐藤 輝明	left	HAN	2021-06-22	62961	fork	5	140	3,4	out	throw-out
Sato, Teruaki	佐藤 輝明	left	HAN	2021-06-22	62961	fork	8	138	3,4	hit	single
Sato, Teruaki	佐藤 輝明	left	HAN	2021-06-23	62964	change-up	1	131	5,3	out	fly-ball
Sato, Teruaki	佐藤 輝明	left	HAN	2021-06-23	62964	straight	4	145	2,3	hit	single
Sato, Teruaki	佐藤 輝明	left	HAN	2021-06-23	62964	change-up	3	131	4,4	hit	home-run
Sato, Teruaki	佐藤 輝明	left	HAN	2021-06-23	62964	cutter	2	144	1,2	out	fly-ball
Sato, Teruaki	佐藤 輝明	left	HAN	2021-06-24	62966	straight	4	143	2,1	strikeout	swinging
Sato, Teruaki	佐藤 輝明	left	HAN	2021-06-24	62966	straight	4	140	3,1	out	fly-ball
Sato, Teruaki	佐藤 輝明	left	HAN	2021-06-24	62966	straight	7	143	2,2	out	fly-ball
Sato, Teruaki	佐藤 輝明	left	HAN	2021-06-24	62966	slider	4	127	1,5	strikeout	swinging
Sato, Teruaki	佐藤 輝明	left	HAN	2021-06-26	62972	straight	2	NA	2,2	out	other-out
Sato, Teruaki	佐藤 輝明	left	HAN	2021-06-26	62972	straight	10	148	2,3	strikeout	called
Sato, Teruaki	佐藤 輝明	left	HAN	2021-06-26	62972	slider	4	135	5,5	strikeout	swinging
Sato, Teruaki	佐藤 輝明	left	HAN	2021-06-29	62979	two-seam	2	139	2,3	out	fly-ball
Sato, Teruaki	佐藤 輝明	left	HAN	2021-06-29	62979	slider	3	126	4,4	hit	single
Sato, Teruaki	佐藤 輝明	left	HAN	2021-06-29	62979	straight	5	144	4,3	strikeout	called
Sato, Teruaki	佐藤 輝明	left	HAN	2021-06-29	62979	slider	4	133	3,5	strikeout	swinging
Sato, Teruaki	佐藤 輝明	left	HAN	2021-06-30	62982	fork	4	133	2,5	strikeout	swinging
Sato, Teruaki	佐藤 輝明	left	HAN	2021-06-30	62982	fork	3	131	3,5	strikeout	swinging
Sato, Teruaki	佐藤 輝明	left	HAN	2021-06-30	62982	fork	7	133	2,5	walk	unintentional
Sato, Teruaki	佐藤 輝明	left	HAN	2021-06-30	62982	fork	6	130	2,5	strikeout	swinging
Sato, Teruaki	佐藤 輝明	left	HAN	2021-06-25	62969	change-up	3	125	4,3	out	fly-ball
Sato, Teruaki	佐藤 輝明	left	HAN	2021-06-25	62969	straight	3	139	2,3	out	fly-ball-line-drive
Sato, Teruaki	佐藤 輝明	left	HAN	2021-06-25	62969	two-seam	3	156	1,5	strikeout	swinging
Sato, Teruaki	佐藤 輝明	left	HAN	2021-06-25	62969	slider	2	142	2,5	strikeout	swinging
Sato, Teruaki	佐藤 輝明	left	HAN	2021-06-01	62883	slider	6	137	1,5	strikeout	swinging
Sato, Teruaki	佐藤 輝明	left	HAN	2021-06-01	62883	slider	6	134	2,5	strikeout	swinging
Sato, Teruaki	佐藤 輝明	left	HAN	2021-06-01	62883	slider	4	135	2,5	error	fielder
Sato, Teruaki	佐藤 輝明	left	HAN	2021-06-01	62883	fork	3	137	3,5	strikeout	swinging
Sato, Teruaki	佐藤 輝明	left	HAN	2021-06-02	62889	curve	3	105	2,3	out	fly-ball
Sato, Teruaki	佐藤 輝明	left	HAN	2021-06-02	62889	curve	2	105	3,4	out	fly-ball
Sato, Teruaki	佐藤 輝明	left	HAN	2021-06-02	62889	fork	5	132	3,2	hit	single
Sato, Teruaki	佐藤 輝明	left	HAN	2021-06-02	62889	cutter	3	144	2,3	hit	single
Sato, Teruaki	佐藤 輝明	left	HAN	2021-06-03	62895	nuckle-curve	3	100	3,4	hit	home-run
Sato, Teruaki	佐藤 輝明	left	HAN	2021-06-03	62895	slider	4	119	4,5	strikeout	swinging
Sato, Teruaki	佐藤 輝明	left	HAN	2021-06-03	62895	NA	0	NA	NA	walk	intentional
Sato, Teruaki	佐藤 輝明	left	HAN	2021-06-03	62895	change-up	2	138	3,4	out	fly-ball
Sato, Teruaki	佐藤 輝明	left	HAN	2021-06-04	62901	slider	2	NA	2,2	hit	double
Sato, Teruaki	佐藤 輝明	left	HAN	2021-06-04	62901	slider	5	NA	2,3	out	throw-out
Sato, Teruaki	佐藤 輝明	left	HAN	2021-06-04	62901	slider	3	138	3,2	hit	single
Sato, Teruaki	佐藤 輝明	left	HAN	2021-06-04	62901	straight	4	147	3,1	strikeout	swinging
Sato, Teruaki	佐藤 輝明	left	HAN	2021-06-05	62907	straight	5	153	2,2	strikeout	called
Sato, Teruaki	佐藤 輝明	left	HAN	2021-06-05	62907	nuckle-curve	1	132	2,4	out	throw-out
Sato, Teruaki	佐藤 輝明	left	HAN	2021-06-05	62907	cutter	2	147	3,2	hit	single
Sato, Teruaki	佐藤 輝明	left	HAN	2021-06-05	62907	straight	3	150	5,2	strikeout	swinging
Sato, Teruaki	佐藤 輝明	left	HAN	2021-06-06	62913	slider	5	129	4,3	strikeout	swinging
Sato, Teruaki	佐藤 輝明	left	HAN	2021-06-06	62913	change-up	5	130	3,4	strikeout	swinging
Sato, Teruaki	佐藤 輝明	left	HAN	2021-06-06	62913	change-up	3	130	3,5	strikeout	swinging
Sato, Teruaki	佐藤 輝明	left	HAN	2021-06-06	62913	two-seam	3	139	2,3	hit	home-run
Sato, Teruaki	佐藤 輝明	left	HAN	2021-06-08	62915	fork	3	136	4,3	strikeout	swinging
Sato, Teruaki	佐藤 輝明	left	HAN	2021-06-08	62915	nuckle-curve	4	124	2,5	strikeout	swinging
Sato, Teruaki	佐藤 輝明	left	HAN	2021-06-08	62915	straight	4	149	4,1	strikeout	swinging
Sato, Teruaki	佐藤 輝明	left	HAN	2021-06-08	62915	slider	5	NA	4,5	strikeout	swinging
Sato, Teruaki	佐藤 輝明	left	HAN	2021-06-09	62921	curve	3	103	3,2	out	fly-ball
Sato, Teruaki	佐藤 輝明	left	HAN	2021-06-09	62921	shoot	2	137	2,3	hit	single
Sato, Teruaki	佐藤 輝明	left	HAN	2021-06-09	62921	slider	2	135	2,4	hit	double
Sato, Teruaki	佐藤 輝明	left	HAN	2021-06-09	62921	straight	8	143	4,3	strikeout	swinging
Sato, Teruaki	佐藤 輝明	left	HAN	2021-06-09	62921	straight	1	149	1,3	strikeout	swinging
Sato, Teruaki	佐藤 輝明	left	HAN	2021-06-10	62927	straight	3	140	4,1	strikeout	swinging
Sato, Teruaki	佐藤 輝明	left	HAN	2021-06-10	62927	change-up	2	132	4,3	out	fly-ball
Sato, Teruaki	佐藤 輝明	left	HAN	2021-06-10	62927	straight	1	148	3,3	out	fly-ball
Sato, Teruaki	佐藤 輝明	left	HAN	2021-06-10	62927	change-up	5	136	2,5	hit	double
Sato, Teruaki	佐藤 輝明	left	HAN	2021-07-07	62998	straight	7	142	3,2	strikeout	swinging
Sato, Teruaki	佐藤 輝明	left	HAN	2021-07-07	62998	fork	2	127	3,4	hit	home-run
Sato, Teruaki	佐藤 輝明	left	HAN	2021-07-07	62998	straight	6	NA	2,1	strikeout	swinging
Sato, Teruaki	佐藤 輝明	left	HAN	2021-07-07	62998	fork	6	131	2,5	strikeout	swinging
Sato, Teruaki	佐藤 輝明	left	HAN	2021-07-08	63000	change-up	5	138	3,3	out	fly-ball
Sato, Teruaki	佐藤 輝明	left	HAN	2021-07-08	63000	curve	5	128	5,5	strikeout	swinging
Sato, Teruaki	佐藤 輝明	left	HAN	2021-07-08	63000	straight	5	151	4,1	strikeout	swinging
Sato, Teruaki	佐藤 輝明	left	HAN	2021-07-08	63000	straight	2	143	3,1	out	fly-ball
Sato, Teruaki	佐藤 輝明	left	HAN	2021-07-09	63004	slider	3	136	3,3	error	fielder
Sato, Teruaki	佐藤 輝明	left	HAN	2021-07-09	63004	straight	2	146	2,1	out	fly-ball
Sato, Teruaki	佐藤 輝明	left	HAN	2021-07-09	63004	fork	4	136	2,4	strikeout	swinging
Sato, Teruaki	佐藤 輝明	left	HAN	2021-07-10	63007	curve	4	122	4,5	strikeout	swinging
Sato, Teruaki	佐藤 輝明	left	HAN	2021-07-10	63007	slider	6	NA	3,4	hit	single
Sato, Teruaki	佐藤 輝明	left	HAN	2021-07-10	63007	straight	3	NA	2,4	out	throw-out
Sato, Teruaki	佐藤 輝明	left	HAN	2021-07-11	63010	straight	3	141	2,4	out	fly-ball
Sato, Teruaki	佐藤 輝明	left	HAN	2021-07-11	63010	slider	6	118	2,3	out	fly-ball
Sato, Teruaki	佐藤 輝明	left	HAN	2021-07-11	63010	slider	5	120	3,5	strikeout	swinging
Sato, Teruaki	佐藤 輝明	left	HAN	2021-07-12	63011	fork	3	142	4,4	hit	single
Sato, Teruaki	佐藤 輝明	left	HAN	2021-07-13	63014	straight	1	142	2,3	hit	double
Sato, Teruaki	佐藤 輝明	left	HAN	2021-07-13	63014	straight	1	140	1,3	out	fly-ball
Sato, Teruaki	佐藤 輝明	left	HAN	2021-07-13	63014	slider	4	129	5,5	hit	single
Sato, Teruaki	佐藤 輝明	left	HAN	2021-07-13	63014	cutter	4	141	4,4	strikeout	called
Sato, Teruaki	佐藤 輝明	left	HAN	2021-07-14	63017	slider	1	139	3,3	hit	double
Sato, Teruaki	佐藤 輝明	left	HAN	2021-07-14	63017	straight	4	NA	3,1	strikeout	swinging
Sato, Teruaki	佐藤 輝明	left	HAN	2021-07-14	63017	straight	6	146	3,2	strikeout	swinging
Sato, Teruaki	佐藤 輝明	left	HAN	2021-07-14	63017	straight	5	NA	3,4	strikeout	swinging
Sato, Teruaki	佐藤 輝明	left	HAN	2021-07-01	62984	straight	4	149	3,1	strikeout	swinging
Sato, Teruaki	佐藤 輝明	left	HAN	2021-07-01	62984	fork	4	137	4,4	out	throw-out
Sato, Teruaki	佐藤 輝明	left	HAN	2021-07-01	62984	straight	5	148	3,3	out	fly-ball
Sato, Teruaki	佐藤 輝明	left	HAN	2021-07-02	62987	slider	4	135	4,3	out	throw-out
Sato, Teruaki	佐藤 輝明	left	HAN	2021-07-03	62990	split-finger	2	134	3,2	hit	double
Sato, Teruaki	佐藤 輝明	left	HAN	2021-07-03	62990	split-finger	6	131	1,4	strikeout	swinging
Sato, Teruaki	佐藤 輝明	left	HAN	2021-07-03	62990	straight	1	140	4,2	out	fly-ball
Sato, Teruaki	佐藤 輝明	left	HAN	2021-07-03	62990	split-finger	1	147	4,3	hit	single
Sato, Teruaki	佐藤 輝明	left	HAN	2021-07-03	62990	straight	2	147	3,3	hit	single
Sato, Teruaki	佐藤 輝明	left	HAN	2021-07-04	62993	straight	5	151	4,3	strikeout	called
Sato, Teruaki	佐藤 輝明	left	HAN	2021-07-04	62993	split-finger	6	137	4,2	strikeout	swinging
Sato, Teruaki	佐藤 輝明	left	HAN	2021-07-04	62993	cutter	6	141	2,3	strikeout	swinging
Sato, Teruaki	佐藤 輝明	left	HAN	2021-07-04	62993	straight	7	151	3,3	strikeout	swinging
Sato, Teruaki	佐藤 輝明	left	HAN	2021-07-04	62993	fork	7	135	2,4	strikeout	swinging
Sato, Teruaki	佐藤 輝明	left	HAN	2021-07-06	62995	straight	5	142	2,3	out	throw-out
Sato, Teruaki	佐藤 輝明	left	HAN	2021-07-06	62995	straight	1	139	2,3	hit	double
Sato, Teruaki	佐藤 輝明	left	HAN	2021-07-06	62995	straight	6	142	4,1	out	fly-ball
Sato, Teruaki	佐藤 輝明	left	HAN	2021-07-06	62995	fork	1	137	4,4	out	throw-out
Sato, Teruaki	佐藤 輝明	left	HAN	2022-09-20	76876	straight	10	147	4,4	strikeout	swinging
Sato, Teruaki	佐藤 輝明	left	HAN	2022-09-20	76876	straight	3	147	4,4	strikeout	called
Sato, Teruaki	佐藤 輝明	left	HAN	2022-09-20	76876	fork	4	136	2,5	strikeout	swinging
Sato, Teruaki	佐藤 輝明	left	HAN	2022-09-20	76876	straight	8	156	2,4	hit	single
Sato, Teruaki	佐藤 輝明	left	HAN	2022-09-21	76878	straight	2	149	2,3	hit	single
Sato, Teruaki	佐藤 輝明	left	HAN	2022-09-21	76878	cutter	5	140	2,3	out	fly-ball
Sato, Teruaki	佐藤 輝明	left	HAN	2022-09-21	76878	curve	3	121	4,4	out	throw-out
Sato, Teruaki	佐藤 輝明	left	HAN	2022-09-21	76878	fork	5	138	3,5	strikeout	swinging
Sato, Teruaki	佐藤 輝明	left	HAN	2022-09-21	76878	straight	4	NA	4,3	strikeout	called
Sato, Teruaki	佐藤 輝明	left	HAN	2022-09-23	76883	straight	8	145	5,2	strikeout	swinging
Sato, Teruaki	佐藤 輝明	left	HAN	2022-09-23	76883	change-up	1	130	4,2	out	throw-out
Sato, Teruaki	佐藤 輝明	left	HAN	2022-09-23	76883	straight	7	144	2,3	hit	home-run
Sato, Teruaki	佐藤 輝明	left	HAN	2022-09-23	76883	fork	4	140	3,5	strikeout	swinging
Sato, Teruaki	佐藤 輝明	left	HAN	2022-09-27	76888	fork	4	135	4,3	hit	single
Sato, Teruaki	佐藤 輝明	left	HAN	2022-09-27	76888	straight	7	NA	2,1	walk	unintentional
Sato, Teruaki	佐藤 輝明	left	HAN	2022-09-27	76888	straight	5	NA	1,4	walk	unintentional
Sato, Teruaki	佐藤 輝明	left	HAN	2022-09-27	76888	straight	4	147	2,4	out	fly-ball
Sato, Teruaki	佐藤 輝明	left	HAN	2022-09-28	76890	slider	6	126	4,3	strikeout	swinging
Sato, Teruaki	佐藤 輝明	left	HAN	2022-09-28	76890	curve	4	NA	3,3	hit	single
Sato, Teruaki	佐藤 輝明	left	HAN	2022-09-28	76890	shoot	4	NA	4,3	hit	single
Sato, Teruaki	佐藤 輝明	left	HAN	2022-09-28	76890	slider	5	NA	3,2	out	fly-ball
Sato, Teruaki	佐藤 輝明	left	HAN	2022-10-02	77687	straight	3	149	2,2	out	throw-out
Sato, Teruaki	佐藤 輝明	left	HAN	2022-10-02	77687	straight	3	NA	2,2	out	fly-ball
Sato, Teruaki	佐藤 輝明	left	HAN	2022-10-02	77687	straight	2	148	2,4	out	fly-ball
Sato, Teruaki	佐藤 輝明	left	HAN	2022-10-02	77687	NA	0	NA	NA	walk	intentional
Sato, Teruaki	佐藤 輝明	left	HAN	2022-10-02	77687	slider	5	124	3,2	out	fly-ball